OP_ID,GN_EFFORT_ID,OP_DATE,MESH_SIZE,BEG_DEPTH,END_DEPTH,LAT,LON,NIGHTS_OUT,N.PANEL
100828,43133,1930-10-23,23,60.4,60.4,42.1306,-86.7028,8,1
100829,43134,1930-10-23,24,60.4,60.4,42.1306,-86.7028,8,1
100830,43135,1930-10-23,25,60.4,60.4,42.1306,-86.7028,8,1
100831,43136,1930-10-23,26,60.4,60.4,42.1306,-86.7028,8,1
100832,43137,1930-10-23,30,60.4,60.4,42.1306,-86.7028,8,1
100834,43139,1930-10-23,24,80.5,80.5,42.1417,-86.9236,8,1
100833,43138,1930-10-23,23,80.5,80.5,42.1417,-86.9236,8,1
100835,43140,1930-10-23,25,80.5,80.5,42.1417,-86.9236,8,1
100836,43141,1930-10-23,26,80.5,80.5,42.1417,-86.9236,8,1
100837,43142,1930-10-23,30,80.5,80.5,42.1417,-86.9236,8,1
99627,43386,1931-06-18,26,51.2,54.9,42.2867,-86.6,9,1
99624,43383,1931-06-18,23,51.2,54.9,42.2867,-86.6,9,1
99625,43384,1931-06-18,24,51.2,54.9,42.2867,-86.6,9,1
99626,43385,1931-06-18,25,51.2,54.9,42.2867,-86.6,9,1
99628,43387,1931-06-18,30,51.2,54.9,42.2867,-86.6,9,1
99702,43448,1931-07-01,23,51.2,54.9,42.2867,-86.6,13,1
99703,43449,1931-07-01,24,51.2,54.9,42.2867,-86.6,13,1
99704,43450,1931-07-01,25,51.2,54.9,42.2867,-86.6,13,1
99705,43451,1931-07-01,26,51.2,54.9,42.2867,-86.6,13,1
99706,43452,1931-07-01,30,51.2,54.9,42.2867,-86.6,13,1
100926,43208,1931-05-12,23,54.9,60.4,42.2917,-86.62,11,2
100927,43209,1931-05-12,24,54.9,60.4,42.2917,-86.62,11,2
100928,43210,1931-05-12,25,54.9,60.4,42.2917,-86.62,11,2
100929,43211,1931-05-12,26,54.9,60.4,42.2917,-86.62,11,2
100930,43212,1931-05-12,30,54.9,60.4,42.2917,-86.62,11,2
100997,43268,1931-05-27,23,55.8,60.4,42.2917,-86.62,15,1
100998,43269,1931-05-27,24,55.8,60.4,42.2917,-86.62,15,1
100999,43270,1931-05-27,25,55.8,60.4,42.2917,-86.62,15,1
101000,43271,1931-05-27,26,55.8,60.4,42.2917,-86.62,15,1
101001,43272,1931-05-27,30,55.8,60.4,42.2917,-86.62,15,1
101064,43323,1931-06-09,23,55.8,60.4,42.2917,-86.62,13,1
101065,43324,1931-06-09,24,55.8,60.4,42.2917,-86.62,13,1
101066,43325,1931-06-09,25,55.8,60.4,42.2917,-86.62,13,1
101067,43326,1931-06-09,26,55.8,60.4,42.2917,-86.62,13,1
101068,43327,1931-06-09,30,55.8,60.4,42.2917,-86.62,13,1
101057,43318,1931-06-08,23,82.3,84.1,42.2933,-87.4,13,2
100990,43263,1931-05-26,23,82.3,84.1,42.2933,-87.4,15,2
100991,43264,1931-05-26,24,82.3,84.1,42.2933,-87.4,15,2
100992,43265,1931-05-26,25,82.3,84.1,42.2933,-87.4,15,2
100993,43266,1931-05-26,26,82.3,84.1,42.2933,-87.4,15,2
100994,43267,1931-05-26,30,82.3,84.1,42.2933,-87.4,15,2
101058,43319,1931-06-08,24,82.3,84.1,42.2933,-87.4,13,2
101059,43320,1931-06-08,25,82.3,84.1,42.2933,-87.4,13,2
101060,43321,1931-06-08,26,82.3,84.1,42.2933,-87.4,13,2
101061,43322,1931-06-08,30,82.3,84.1,42.2933,-87.4,13,2
99617,43378,1931-06-16,23,82.3,84.1,42.2933,-87.4,8,2
99618,43379,1931-06-16,24,82.3,84.1,42.2933,-87.4,8,2
99619,43380,1931-06-16,25,82.3,84.1,42.2933,-87.4,8,2
99620,43381,1931-06-16,26,82.3,84.1,42.2933,-87.4,8,2
99621,43382,1931-06-16,30,82.3,84.1,42.2933,-87.4,8,2
99697,43443,1931-06-30,23,82.3,84.1,42.2933,-87.4,14,2
99698,43444,1931-06-30,24,82.3,84.1,42.2933,-87.4,14,2
99699,43445,1931-06-30,25,82.3,84.1,42.2933,-87.4,14,2
99700,43446,1931-06-30,26,82.3,84.1,42.2933,-87.4,14,2
99701,43447,1931-06-30,30,82.3,84.1,42.2933,-87.4,14,2
99615,43376,1931-06-16,26,49.4,54.9,42.3267,-87.63,8,2
100985,43258,1931-05-26,23,49.4,54.9,42.3267,-87.63,15,2
100986,43259,1931-05-26,24,49.4,54.9,42.3267,-87.63,15,2
100987,43260,1931-05-26,25,49.4,54.9,42.3267,-87.63,15,2
100988,43261,1931-05-26,26,49.4,54.9,42.3267,-87.63,15,2
100989,43262,1931-05-26,30,49.4,54.9,42.3267,-87.63,15,2
101052,43313,1931-06-08,23,49.4,54.9,42.3267,-87.63,13,2
101053,43314,1931-06-08,24,49.4,54.9,42.3267,-87.63,13,2
101054,43315,1931-06-08,25,49.4,54.9,42.3267,-87.63,13,2
101055,43316,1931-06-08,26,49.4,54.9,42.3267,-87.63,13,2
101056,43317,1931-06-08,30,49.4,54.9,42.3267,-87.63,13,2
99612,43373,1931-06-16,23,49.4,54.9,42.3267,-87.63,8,2
99613,43374,1931-06-16,24,49.4,54.9,42.3267,-87.63,8,2
99614,43375,1931-06-16,25,49.4,54.9,42.3267,-87.63,8,2
99616,43377,1931-06-16,30,49.4,54.9,42.3267,-87.63,8,2
99692,43438,1931-06-30,23,49.4,54.9,42.3267,-87.63,14,2
99693,43439,1931-06-30,24,49.4,54.9,42.3267,-87.63,14,2
99694,43440,1931-06-30,25,49.4,54.9,42.3267,-87.63,14,2
99695,43441,1931-06-30,26,49.4,54.9,42.3267,-87.63,14,2
99696,43442,1931-06-30,30,49.4,54.9,42.3267,-87.63,14,2
100868,43167,1930-11-11,30,29.3,31.1,42.375,-87.6972,1,1
100864,43163,1930-11-11,23,29.3,31.1,42.375,-87.6972,1,1
100865,43164,1930-11-11,24,29.3,31.1,42.375,-87.6972,1,1
100866,43165,1930-11-11,25,29.3,31.1,42.375,-87.6972,1,1
100867,43166,1930-11-11,26,29.3,31.1,42.375,-87.6972,1,1
100933,43215,1931-05-12,25,83.2,87.8,42.3833,-86.7017,11,2
100931,43213,1931-05-12,23,83.2,87.8,42.3833,-86.7017,11,2
100932,43214,1931-05-12,24,83.2,87.8,42.3833,-86.7017,11,2
100934,43216,1931-05-12,26,83.2,87.8,42.3833,-86.7017,11,2
100935,43217,1931-05-12,30,83.2,87.8,42.3833,-86.7017,11,2
101069,43328,1931-06-09,23,86.9,87.8,42.3867,-86.7167,13,1
101002,43273,1931-05-27,23,86.9,87.8,42.3867,-86.7167,15,1
101003,43274,1931-05-27,24,86.9,87.8,42.3867,-86.7167,15,1
101004,43275,1931-05-27,25,86.9,87.8,42.3867,-86.7167,15,1
101005,43276,1931-05-27,26,86.9,87.8,42.3867,-86.7167,15,1
101006,43277,1931-05-27,30,86.9,87.8,42.3867,-86.7167,15,1
101070,43329,1931-06-09,24,86.9,87.8,42.3867,-86.7167,13,1
101071,43330,1931-06-09,25,86.9,87.8,42.3867,-86.7167,13,1
101072,43331,1931-06-09,26,86.9,87.8,42.3867,-86.7167,13,1
101073,43332,1931-06-09,30,86.9,87.8,42.3867,-86.7167,13,1
99629,43388,1931-06-18,23,86.9,91.4,42.3867,-86.7167,9,2
99630,43389,1931-06-18,24,86.9,91.4,42.3867,-86.7167,9,2
99631,43390,1931-06-18,25,86.9,91.4,42.3867,-86.7167,9,2
99632,43391,1931-06-18,26,86.9,91.4,42.3867,-86.7167,9,2
99633,43392,1931-06-18,30,86.9,91.4,42.3867,-86.7167,9,2
99707,43453,1931-07-01,23,86.9,91.4,42.3867,-86.7167,13,2
99708,43454,1931-07-01,24,86.9,91.4,42.3867,-86.7167,13,2
99709,43455,1931-07-01,25,86.9,91.4,42.3867,-86.7167,13,2
99710,43456,1931-07-01,26,86.9,91.4,42.3867,-86.7167,13,2
99711,43457,1931-07-01,30,86.9,91.4,42.3867,-86.7167,13,2
100888,43186,1930-11-15,26,62.2,64,42.3945,-87.5931,3,1
100869,43168,1930-11-12,23,62.2,64,42.3945,-87.5931,5,1
100870,43169,1930-11-12,24,62.2,64,42.3945,-87.5931,5,1
100871,43170,1930-11-12,25,62.2,64,42.3945,-87.5931,5,1
100872,43171,1930-11-12,26,62.2,64,42.3945,-87.5931,5,1
100873,43172,1930-11-12,30,62.2,64,42.3945,-87.5931,5,1
100885,43183,1930-11-15,23,62.2,64,42.3945,-87.5931,3,1
100886,43184,1930-11-15,24,62.2,64,42.3945,-87.5931,3,1
100887,43185,1930-11-15,25,62.2,64,42.3945,-87.5931,3,1
100889,43187,1930-11-15,30,62.2,64,42.3945,-87.5931,3,1
100262,44019,1931-11-14,24,68.6,73.2,42.395,-87.5867,12,3
100263,44020,1931-11-14,25,68.6,73.2,42.395,-87.5867,12,3
100264,44021,1931-11-14,26,68.6,73.2,42.395,-87.5867,12,3
100265,44022,1931-11-14,30,68.6,73.2,42.395,-87.5867,12,3
100192,43959,1931-10-22,24,68.6,73.2,42.395,-87.5867,9,3
100227,43988,1931-11-02,23,68.6,73.2,42.395,-87.5867,11,3
100261,44018,1931-11-14,23,68.6,73.2,42.395,-87.5867,12,3
100191,43958,1931-10-22,23,68.6,73.2,42.395,-87.5867,9,3
100193,43960,1931-10-22,25,68.6,73.2,42.395,-87.5867,9,3
100194,43961,1931-10-22,26,68.6,73.2,42.395,-87.5867,9,3
100195,43962,1931-10-22,30,68.6,73.2,42.395,-87.5867,9,3
100228,43989,1931-11-02,24,68.6,73.2,42.395,-87.5867,11,3
100229,43990,1931-11-02,25,68.6,73.2,42.395,-87.5867,11,3
100230,43991,1931-11-02,26,68.6,73.2,42.395,-87.5867,11,3
100231,43992,1931-11-02,30,68.6,73.2,42.395,-87.5867,11,3
100697,43027,1930-08-19,23,49.4,51.2,42.4,-86.4667,12,1
100698,43028,1930-08-19,24,49.4,51.2,42.4,-86.4667,12,1
100699,43029,1930-08-19,25,49.4,51.2,42.4,-86.4667,12,1
100700,43030,1930-08-19,26,49.4,51.2,42.4,-86.4667,12,1
100701,43031,1930-08-19,30,49.4,51.2,42.4,-86.4667,12,1
100814,43119,1930-10-21,24,82.3,128,42.4389,-86.5597,7,1
100813,43118,1930-10-21,23,82.3,128,42.4389,-86.5597,7,1
100815,43120,1930-10-21,25,82.3,128,42.4389,-86.5597,7,1
100816,43121,1930-10-21,26,82.3,128,42.4389,-86.5597,7,1
100817,43122,1930-10-21,30,82.3,128,42.4389,-86.5597,7,1
100838,43143,1930-10-28,23,60.4,61.3,42.4736,-86.4778,12,1
100839,43144,1930-10-28,24,60.4,61.3,42.4736,-86.4778,12,1
100840,43145,1930-10-28,25,60.4,61.3,42.4736,-86.4778,12,1
100841,43146,1930-10-28,26,60.4,61.3,42.4736,-86.4778,12,1
100842,43147,1930-10-28,30,60.4,61.3,42.4736,-86.4778,12,1
100843,43148,1930-10-30,23,75,75,42.5208,-86.5806,14,1
100844,43149,1930-10-30,24,75,75,42.5208,-86.5806,14,1
100845,43150,1930-10-30,25,75,75,42.5208,-86.5806,14,1
100846,43151,1930-10-30,26,75,75,42.5208,-86.5806,14,1
100847,43152,1930-10-30,30,75,75,42.5208,-86.5806,14,1
100880,43178,1930-11-14,23,65.8,65.8,42.5931,-87.5528,4,1
100881,43179,1930-11-14,24,65.8,65.8,42.5931,-87.5528,4,1
100882,43180,1930-11-14,25,65.8,65.8,42.5931,-87.5528,4,1
100883,43181,1930-11-14,26,65.8,65.8,42.5931,-87.5528,4,1
100884,43182,1930-11-14,30,65.8,65.8,42.5931,-87.5528,4,1
100857,43158,1930-11-10,23,73.2,73.2,42.5931,-87.557,4,1
100858,43159,1930-11-10,24,73.2,73.2,42.5931,-87.557,4,1
100859,43160,1930-11-10,25,73.2,73.2,42.5931,-87.557,4,1
100860,43161,1930-11-10,26,73.2,73.2,42.5931,-87.557,4,1
100861,43162,1930-11-10,30,73.2,73.2,42.5931,-87.557,4,1
100576,42922,1930-07-28,23,111.6,113.4,42.6472,-87.3445,16,1
100577,42923,1930-07-28,24,111.6,113.4,42.6472,-87.3445,16,1
100578,42924,1930-07-28,25,111.6,113.4,42.6472,-87.3445,16,1
100579,42925,1930-07-28,26,111.6,113.4,42.6472,-87.3445,16,1
100580,42926,1930-07-28,30,111.6,113.4,42.6472,-87.3445,16,1
100646,42982,1930-08-08,23,111.6,113.4,42.6472,-87.3445,12,1
100647,42983,1930-08-08,24,111.6,113.4,42.6472,-87.3445,12,1
100648,42984,1930-08-08,25,111.6,113.4,42.6472,-87.3445,12,1
100649,42985,1930-08-08,26,111.6,113.4,42.6472,-87.3445,12,1
100650,42986,1930-08-08,30,111.6,113.4,42.6472,-87.3445,12,1
100707,43037,1930-08-20,23,111.6,113.4,42.6472,-87.3445,12,1
100708,43038,1930-08-20,24,111.6,113.4,42.6472,-87.3445,12,1
100709,43039,1930-08-20,25,111.6,113.4,42.6472,-87.3445,12,1
100710,43040,1930-08-20,26,111.6,113.4,42.6472,-87.3445,12,1
100711,43041,1930-08-20,30,111.6,113.4,42.6472,-87.3445,12,1
100570,42917,1930-07-26,23,54.9,62.2,42.6472,-87.5833,14,1
100571,42918,1930-07-26,24,54.9,62.2,42.6472,-87.5833,14,1
100572,42919,1930-07-26,25,54.9,62.2,42.6472,-87.5833,14,1
100573,42920,1930-07-26,26,54.9,62.2,42.6472,-87.5833,14,1
100574,42921,1930-07-26,30,54.9,62.2,42.6472,-87.5833,14,1
100641,42977,1930-08-08,23,54.9,62.2,42.6472,-87.5833,12,1
100642,42978,1930-08-08,24,54.9,62.2,42.6472,-87.5833,12,1
100643,42979,1930-08-08,25,54.9,62.2,42.6472,-87.5833,12,1
100644,42980,1930-08-08,26,54.9,62.2,42.6472,-87.5833,12,1
100645,42981,1930-08-08,30,54.9,62.2,42.6472,-87.5833,12,1
100702,43032,1930-08-20,23,54.9,62.2,42.6472,-87.5833,12,1
100703,43033,1930-08-20,24,54.9,62.2,42.6472,-87.5833,12,1
100704,43034,1930-08-20,25,54.9,62.2,42.6472,-87.5833,12,1
100705,43035,1930-08-20,26,54.9,62.2,42.6472,-87.5833,12,1
100706,43036,1930-08-20,30,54.9,62.2,42.6472,-87.5833,12,1
99825,43553,1931-07-25,23,65.8,73.2,42.7633,-87.5617,8,2
99826,43554,1931-07-25,24,65.8,73.2,42.7633,-87.5617,8,2
99827,43555,1931-07-25,25,65.8,73.2,42.7633,-87.5617,8,2
99828,43556,1931-07-25,26,65.8,73.2,42.7633,-87.5617,8,2
99829,43557,1931-07-25,30,65.8,73.2,42.7633,-87.5617,8,2
99885,43603,1931-08-06,23,65.8,73.2,42.7633,-87.5617,12,2
99886,43604,1931-08-06,24,65.8,73.2,42.7633,-87.5617,12,2
99887,43605,1931-08-06,25,65.8,73.2,42.7633,-87.5617,12,2
99888,43606,1931-08-06,26,65.8,73.2,42.7633,-87.5617,12,2
99889,43607,1931-08-06,30,65.8,73.2,42.7633,-87.5617,12,2
99945,43653,1931-08-15,23,65.8,73.2,42.7633,-87.5617,9,2
99946,43654,1931-08-15,24,65.8,73.2,42.7633,-87.5617,9,2
99947,43655,1931-08-15,25,65.8,73.2,42.7633,-87.5617,9,2
99948,43656,1931-08-15,26,65.8,73.2,42.7633,-87.5617,9,2
99949,43657,1931-08-15,30,65.8,73.2,42.7633,-87.5617,9,2
100147,43822,1931-09-14,30,58.5,65.8,42.765,-87.5883,11,2
100007,43703,1931-08-24,23,58.5,65.8,42.765,-87.5883,9,2
100008,43704,1931-08-24,24,58.5,65.8,42.765,-87.5883,9,2
100009,43705,1931-08-24,25,58.5,65.8,42.765,-87.5883,9,2
100010,43706,1931-08-24,26,58.5,65.8,42.765,-87.5883,9,2
100011,43707,1931-08-24,30,58.5,65.8,42.765,-87.5883,9,2
100078,43763,1931-09-02,23,58.5,65.8,42.765,-87.5883,9,2
100079,43764,1931-09-02,24,58.5,65.8,42.765,-87.5883,9,2
100080,43765,1931-09-02,25,58.5,65.8,42.765,-87.5883,9,2
100081,43766,1931-09-02,26,58.5,65.8,42.765,-87.5883,9,2
100082,43767,1931-09-02,30,58.5,65.8,42.765,-87.5883,9,2
100143,43818,1931-09-14,23,58.5,65.8,42.765,-87.5883,11,2
100144,43819,1931-09-14,24,58.5,65.8,42.765,-87.5883,11,2
100145,43820,1931-09-14,25,58.5,65.8,42.765,-87.5883,11,2
100146,43821,1931-09-14,26,58.5,65.8,42.765,-87.5883,11,2
100322,43868,1931-09-24,23,58.5,65.8,42.765,-87.5883,10,2
100323,43869,1931-09-24,24,58.5,65.8,42.765,-87.5883,10,2
100324,43870,1931-09-24,25,58.5,65.8,42.765,-87.5883,10,2
100325,43871,1931-09-24,26,58.5,65.8,42.765,-87.5883,10,2
100326,43872,1931-09-24,30,58.5,65.8,42.765,-87.5883,10,2
100855,43157,1930-11-08,30,76.8,78.6,42.7708,-87.4972,5,1
100879,43177,1930-11-13,30,75,76.8,42.7708,-87.4972,5,1
100851,43153,1930-11-08,23,76.8,78.6,42.7708,-87.4972,5,1
100852,43154,1930-11-08,24,76.8,78.6,42.7708,-87.4972,5,1
100853,43155,1930-11-08,25,76.8,78.6,42.7708,-87.4972,5,1
100854,43156,1930-11-08,26,76.8,78.6,42.7708,-87.4972,5,1
100875,43173,1930-11-13,23,75,76.8,42.7708,-87.4972,5,1
100876,43174,1930-11-13,24,75,76.8,42.7708,-87.4972,5,1
100877,43175,1930-11-13,25,75,76.8,42.7708,-87.4972,5,1
100878,43176,1930-11-13,26,75,76.8,42.7708,-87.4972,5,1
100256,44013,1931-11-13,23,86,89.6,42.7967,-87.4883,14,3
100257,44014,1931-11-13,24,86,89.6,42.7967,-87.4883,14,3
100258,44015,1931-11-13,25,86,89.6,42.7967,-87.4883,14,3
100259,44016,1931-11-13,26,86,89.6,42.7967,-87.4883,14,3
100260,44017,1931-11-13,30,86,89.6,42.7967,-87.4883,14,3
99894,43612,1931-08-06,30,102.4,106.1,42.8233,-87.355,12,2
100013,43709,1931-08-24,24,102.4,106.1,42.8233,-87.355,9,2
100085,43770,1931-09-02,25,102.4,106.1,42.8233,-87.355,9,2
99830,43558,1931-07-25,23,102.4,106.1,42.8233,-87.355,8,2
99831,43559,1931-07-25,24,102.4,106.1,42.8233,-87.355,8,2
99832,43560,1931-07-25,25,102.4,106.1,42.8233,-87.355,8,2
99833,43561,1931-07-25,26,102.4,106.1,42.8233,-87.355,8,2
99834,43562,1931-07-25,30,102.4,106.1,42.8233,-87.355,8,2
99890,43608,1931-08-06,23,102.4,106.1,42.8233,-87.355,12,2
99891,43609,1931-08-06,24,102.4,106.1,42.8233,-87.355,12,2
99892,43610,1931-08-06,25,102.4,106.1,42.8233,-87.355,12,2
99893,43611,1931-08-06,26,102.4,106.1,42.8233,-87.355,12,2
99950,43658,1931-08-15,23,102.4,106.1,42.8233,-87.355,9,2
99951,43659,1931-08-15,24,102.4,106.1,42.8233,-87.355,9,2
99952,43660,1931-08-15,25,102.4,106.1,42.8233,-87.355,9,2
99953,43661,1931-08-15,26,102.4,106.1,42.8233,-87.355,9,2
99954,43662,1931-08-15,30,102.4,106.1,42.8233,-87.355,9,2
100012,43708,1931-08-24,23,102.4,106.1,42.8233,-87.355,9,2
100014,43710,1931-08-24,25,102.4,106.1,42.8233,-87.355,9,2
100015,43711,1931-08-24,26,102.4,106.1,42.8233,-87.355,9,2
100016,43712,1931-08-24,30,102.4,106.1,42.8233,-87.355,9,2
100083,43768,1931-09-02,23,102.4,106.1,42.8233,-87.355,9,2
100084,43769,1931-09-02,24,102.4,106.1,42.8233,-87.355,9,2
100086,43771,1931-09-02,26,102.4,106.1,42.8233,-87.355,9,2
100087,43772,1931-09-02,30,102.4,106.1,42.8233,-87.355,9,2
100148,43823,1931-09-14,23,102.4,106.1,42.8233,-87.355,11,2
100149,43824,1931-09-14,24,102.4,106.1,42.8233,-87.355,11,2
100150,43825,1931-09-14,25,102.4,106.1,42.8233,-87.355,11,2
100151,43826,1931-09-14,26,102.4,106.1,42.8233,-87.355,11,2
100152,43827,1931-09-14,30,102.4,106.1,42.8233,-87.355,11,2
100389,43930,1931-10-09,25,106.1,111.6,42.8267,-87.34,11,3
100327,43873,1931-09-28,23,106.1,111.6,42.8267,-87.34,14,2
100328,43874,1931-09-28,24,106.1,111.6,42.8267,-87.34,14,2
100329,43875,1931-09-28,25,106.1,111.6,42.8267,-87.34,14,2
100330,43876,1931-09-28,26,106.1,111.6,42.8267,-87.34,14,2
100331,43877,1931-09-28,30,106.1,111.6,42.8267,-87.34,14,2
100387,43928,1931-10-09,23,106.1,111.6,42.8267,-87.34,11,3
100388,43929,1931-10-09,24,106.1,111.6,42.8267,-87.34,11,3
100390,43931,1931-10-09,26,106.1,111.6,42.8267,-87.34,11,3
100391,43932,1931-10-09,30,106.1,111.6,42.8267,-87.34,11,3
100185,43953,1931-10-21,23,106.1,111.6,42.8267,-87.34,12,3
100186,43954,1931-10-21,24,106.1,111.6,42.8267,-87.34,12,3
100187,43955,1931-10-21,25,106.1,111.6,42.8267,-87.34,12,3
100188,43956,1931-10-21,26,106.1,111.6,42.8267,-87.34,12,3
100189,43957,1931-10-21,30,106.1,111.6,42.8267,-87.34,12,3
100221,43983,1931-10-30,23,106.1,124.4,42.8267,-87.34,9,3
100222,43984,1931-10-30,24,106.1,124.4,42.8267,-87.34,9,3
100223,43985,1931-10-30,25,106.1,124.4,42.8267,-87.34,9,3
100224,43986,1931-10-30,26,106.1,124.4,42.8267,-87.34,9,3
100225,43987,1931-10-30,30,106.1,124.4,42.8267,-87.34,9,3
100912,43198,1931-05-08,23,66.8,73.2,42.835,-87.55,10,2
100913,43199,1931-05-08,24,66.8,73.2,42.835,-87.55,10,2
100914,43200,1931-05-08,25,66.8,73.2,42.835,-87.55,10,2
100915,43201,1931-05-08,26,66.8,73.2,42.835,-87.55,10,2
100916,43202,1931-05-08,30,66.8,73.2,42.835,-87.55,10,2
100973,43248,1931-05-22,23,66.8,73.2,42.835,-87.55,14,2
100974,43249,1931-05-22,24,66.8,73.2,42.835,-87.55,14,2
100975,43250,1931-05-22,25,66.8,73.2,42.835,-87.55,14,2
100976,43251,1931-05-22,26,66.8,73.2,42.835,-87.55,14,2
100977,43252,1931-05-22,30,66.8,73.2,42.835,-87.55,14,2
99604,43367,1931-06-15,30,57.6,66.8,42.835,-87.575,12,2
99767,43505,1931-07-10,25,57.6,66.8,42.835,-87.575,11,2
101040,43303,1931-06-03,23,57.6,66.8,42.835,-87.575,12,2
101041,43304,1931-06-03,24,57.6,66.8,42.835,-87.575,12,2
101042,43305,1931-06-03,25,57.6,66.8,42.835,-87.575,12,2
101043,43306,1931-06-03,26,57.6,66.8,42.835,-87.575,12,2
101044,43307,1931-06-03,30,57.6,66.8,42.835,-87.575,12,2
99600,43363,1931-06-15,23,57.6,66.8,42.835,-87.575,12,2
99601,43364,1931-06-15,24,57.6,66.8,42.835,-87.575,12,2
99602,43365,1931-06-15,25,57.6,66.8,42.835,-87.575,12,2
99603,43366,1931-06-15,26,57.6,66.8,42.835,-87.575,12,2
99680,43428,1931-06-29,23,57.6,66.8,42.835,-87.575,14,2
99681,43429,1931-06-29,24,57.6,66.8,42.835,-87.575,14,2
99682,43430,1931-06-29,25,57.6,66.8,42.835,-87.575,14,2
99683,43431,1931-06-29,26,57.6,66.8,42.835,-87.575,14,2
99684,43432,1931-06-29,30,57.6,66.8,42.835,-87.575,14,2
99765,43503,1931-07-10,23,57.6,66.8,42.835,-87.575,11,2
99766,43504,1931-07-10,24,57.6,66.8,42.835,-87.575,11,2
99768,43506,1931-07-10,26,57.6,66.8,42.835,-87.575,11,2
99769,43507,1931-07-10,30,57.6,66.8,42.835,-87.575,11,2
99687,43435,1931-06-29,25,93.3,94.2,42.8717,-87.4083,14,2
99685,43433,1931-06-29,23,93.3,94.2,42.8717,-87.4083,14,2
99686,43434,1931-06-29,24,93.3,94.2,42.8717,-87.4083,14,2
99688,43436,1931-06-29,26,93.3,94.2,42.8717,-87.4083,14,2
99689,43437,1931-06-29,30,93.3,94.2,42.8717,-87.4083,14,2
99770,43508,1931-07-10,23,93.3,94.2,42.8717,-87.4083,11,2
99771,43509,1931-07-10,24,93.3,94.2,42.8717,-87.4083,11,2
99772,43510,1931-07-10,25,93.3,94.2,42.8717,-87.4083,11,2
99773,43511,1931-07-10,26,93.3,94.2,42.8717,-87.4083,11,2
99774,43512,1931-07-10,30,93.3,94.2,42.8717,-87.4083,11,2
100919,43205,1931-05-08,25,93.3,94.2,42.8767,-87.4083,10,2
101046,43309,1931-06-03,24,93.3,94.2,42.8767,-87.4083,12,2
100917,43203,1931-05-08,23,93.3,94.2,42.8767,-87.4083,10,2
100918,43204,1931-05-08,24,93.3,94.2,42.8767,-87.4083,10,2
100920,43206,1931-05-08,26,93.3,94.2,42.8767,-87.4083,10,2
100921,43207,1931-05-08,30,93.3,94.2,42.8767,-87.4083,10,2
100979,43253,1931-05-23,23,93.3,94.2,42.8767,-87.4083,15,2
100980,43254,1931-05-23,24,93.3,94.2,42.8767,-87.4083,15,2
100981,43255,1931-05-23,25,93.3,94.2,42.8767,-87.4083,15,2
100982,43256,1931-05-23,26,93.3,94.2,42.8767,-87.4083,15,2
100983,43257,1931-05-23,30,93.3,94.2,42.8767,-87.4083,15,2
101045,43308,1931-06-03,23,93.3,94.2,42.8767,-87.4083,12,2
101047,43310,1931-06-03,25,93.3,94.2,42.8767,-87.4083,12,2
101048,43311,1931-06-03,26,93.3,94.2,42.8767,-87.4083,12,2
101049,43312,1931-06-03,30,93.3,94.2,42.8767,-87.4083,12,2
99605,43368,1931-06-15,23,93.3,94.2,42.8767,-87.4083,12,2
99606,43369,1931-06-15,24,93.3,94.2,42.8767,-87.4083,12,2
99607,43370,1931-06-15,25,93.3,94.2,42.8767,-87.4083,12,2
99608,43371,1931-06-15,26,93.3,94.2,42.8767,-87.4083,12,2
99609,43372,1931-06-15,30,93.3,94.2,42.8767,-87.4083,12,2
100824,43129,1930-10-22,24,82.3,82.3,42.9506,-86.5667,8,1
100823,43128,1930-10-22,23,82.3,82.3,42.9506,-86.5667,8,1
100825,43130,1930-10-22,25,82.3,82.3,42.9506,-86.5667,8,1
100826,43131,1930-10-22,26,82.3,82.3,42.9506,-86.5667,8,1
100827,43132,1930-10-22,30,82.3,82.3,42.9506,-86.5667,8,1
100808,43113,1930-10-21,23,65.8,82.3,42.9903,-86.4167,7,1
100809,43114,1930-10-21,24,65.8,82.3,42.9903,-86.4167,7,1
100810,43115,1930-10-21,25,65.8,82.3,42.9903,-86.4167,7,1
100811,43116,1930-10-21,26,65.8,82.3,42.9903,-86.4167,7,1
100812,43117,1930-10-21,30,65.8,82.3,42.9903,-86.4167,7,1
100251,44008,1931-11-12,23,66.3,71.3,42.9933,-87.5967,14,2
100252,44009,1931-11-12,24,66.3,71.3,42.9933,-87.5967,14,2
100253,44010,1931-11-12,25,66.3,71.3,42.9933,-87.5967,14,2
100254,44011,1931-11-12,26,66.3,71.3,42.9933,-87.5967,14,2
100255,44012,1931-11-12,30,66.3,71.3,42.9933,-87.5967,14,2
100181,43950,1931-10-20,25,59.4,65.8,42.9967,-87.6283,13,3
100216,43979,1931-10-29,24,59.4,65.8,42.9967,-87.6283,9,3
100412,43948,1931-10-20,23,59.4,65.8,42.9967,-87.6283,13,3
100180,43949,1931-10-20,24,59.4,65.8,42.9967,-87.6283,13,3
100182,43951,1931-10-20,26,59.4,65.8,42.9967,-87.6283,13,3
100183,43952,1931-10-20,30,59.4,65.8,42.9967,-87.6283,13,3
100215,43978,1931-10-29,23,59.4,65.8,42.9967,-87.6283,9,3
100217,43980,1931-10-29,25,59.4,65.8,42.9967,-87.6283,9,3
100218,43981,1931-10-29,26,59.4,65.8,42.9967,-87.6283,9,3
100219,43982,1931-10-29,30,59.4,65.8,42.9967,-87.6283,9,3
100818,43123,1930-10-22,23,64,80.5,43.0083,-86.4014,8,1
100819,43124,1930-10-22,24,64,80.5,43.0083,-86.4014,8,1
100820,43125,1930-10-22,25,64,80.5,43.0083,-86.4014,8,1
100821,43126,1930-10-22,26,64,80.5,43.0083,-86.4014,8,1
100822,43127,1930-10-22,30,64,80.5,43.0083,-86.4014,8,1
100443,42812,1930-06-30,23,65.8,73.2,43.0717,-86.3838,10,1
100444,42813,1930-06-30,24,65.8,73.2,43.0717,-86.3838,10,1
100445,42814,1930-06-30,25,65.8,73.2,43.0717,-86.3838,10,1
100446,42815,1930-06-30,26,65.8,73.2,43.0717,-86.3838,10,1
100447,42816,1930-06-30,30,65.8,73.2,43.0717,-86.3838,10,1
100496,42857,1930-07-11,23,65.8,73.2,43.0717,-86.3838,11,1
100497,42858,1930-07-11,24,65.8,73.2,43.0717,-86.3838,11,1
100498,42859,1930-07-11,25,65.8,73.2,43.0717,-86.3838,11,1
100499,42860,1930-07-11,26,65.8,73.2,43.0717,-86.3838,11,1
100500,42861,1930-07-11,30,65.8,73.2,43.0717,-86.3838,11,1
100558,42907,1930-07-25,23,45.7,47.5,43.0792,-86.3847,14,1
100559,42908,1930-07-25,24,45.7,47.5,43.0792,-86.3847,14,1
100560,42909,1930-07-25,25,45.7,47.5,43.0792,-86.3847,14,1
100561,42910,1930-07-25,26,45.7,47.5,43.0792,-86.3847,14,1
100562,42911,1930-07-25,30,45.7,47.5,43.0792,-86.3847,14,1
100628,42967,1930-08-06,23,45.7,47.5,43.0792,-86.3847,12,1
100629,42968,1930-08-06,24,45.7,47.5,43.0792,-86.3847,12,1
100630,42969,1930-08-06,25,45.7,47.5,43.0792,-86.3847,12,1
100631,42970,1930-08-06,26,45.7,47.5,43.0792,-86.3847,12,1
100632,42971,1930-08-06,30,45.7,47.5,43.0792,-86.3847,12,1
100687,43017,1930-08-14,23,45.7,47.5,43.0792,-86.3847,8,1
100688,43018,1930-08-14,24,45.7,47.5,43.0792,-86.3847,8,1
100689,43019,1930-08-14,25,45.7,47.5,43.0792,-86.3847,8,1
100690,43020,1930-08-14,26,45.7,47.5,43.0792,-86.3847,8,1
100691,43021,1930-08-14,30,45.7,47.5,43.0792,-86.3847,8,1
100501,42862,1930-07-11,23,100.6,102.4,43.0861,-86.5875,20,1
100502,42863,1930-07-11,24,100.6,102.4,43.0861,-86.5875,20,1
100503,42864,1930-07-11,25,100.6,102.4,43.0861,-86.5875,20,1
100504,42865,1930-07-11,26,100.6,102.4,43.0861,-86.5875,20,1
100505,42866,1930-07-11,30,100.6,102.4,43.0861,-86.5875,20,1
100449,42817,1930-07-01,23,71.3,73.2,43.1153,-87.6695,9,1
100451,42819,1930-07-01,25,71.3,73.2,43.1153,-87.6695,9,1
100452,42820,1930-07-01,26,71.3,73.2,43.1153,-87.6695,9,1
100515,42872,1930-07-15,23,71.3,73.2,43.1153,-87.6695,14,1
100516,42873,1930-07-15,24,71.3,73.2,43.1153,-87.6695,14,1
100517,42874,1930-07-15,25,71.3,73.2,43.1153,-87.6695,14,1
100518,42875,1930-07-15,26,71.3,73.2,43.1153,-87.6695,14,1
100519,42876,1930-07-15,30,71.3,73.2,43.1153,-87.6695,14,1
99778,43514,1931-07-18,24,42.1,47.5,43.1317,-86.35,16,1
99837,43563,1931-07-27,23,42.1,47.5,43.1317,-86.35,9,1
99712,43458,1931-07-02,23,42.1,47.5,43.1317,-86.35,10,1
99713,43459,1931-07-02,24,42.1,47.5,43.1317,-86.35,10,1
99714,43460,1931-07-02,25,42.1,47.5,43.1317,-86.35,10,1
99715,43461,1931-07-02,26,42.1,47.5,43.1317,-86.35,10,1
99716,43462,1931-07-02,30,42.1,47.5,43.1317,-86.35,10,1
99777,43513,1931-07-18,23,42.1,47.5,43.1317,-86.35,16,1
99779,43515,1931-07-18,25,42.1,47.5,43.1317,-86.35,16,1
99780,43516,1931-07-18,26,42.1,47.5,43.1317,-86.35,16,1
99781,43517,1931-07-18,30,42.1,47.5,43.1317,-86.35,16,1
99838,43564,1931-07-27,24,42.1,47.5,43.1317,-86.35,9,1
99839,43565,1931-07-27,25,42.1,47.5,43.1317,-86.35,9,1
99840,43566,1931-07-27,26,42.1,47.5,43.1317,-86.35,9,1
99841,43567,1931-07-27,30,42.1,47.5,43.1317,-86.35,9,1
99897,43613,1931-08-07,23,42.1,47.5,43.1317,-86.35,11,1
99898,43614,1931-08-07,24,42.1,47.5,43.1317,-86.35,11,1
99899,43615,1931-08-07,25,42.1,47.5,43.1317,-86.35,11,1
99900,43616,1931-08-07,26,42.1,47.5,43.1317,-86.35,11,1
99901,43617,1931-08-07,30,42.1,47.5,43.1317,-86.35,11,1
99957,43663,1931-08-17,23,42.1,47.5,43.1317,-86.35,10,1
99958,43664,1931-08-17,24,42.1,47.5,43.1317,-86.35,10,1
99959,43665,1931-08-17,25,42.1,47.5,43.1317,-86.35,10,1
99960,43666,1931-08-17,26,42.1,47.5,43.1317,-86.35,10,1
99961,43667,1931-08-17,30,42.1,47.5,43.1317,-86.35,10,1
100019,43713,1931-08-25,23,42.1,47.5,43.1317,-86.35,8,1
100020,43714,1931-08-25,24,42.1,47.5,43.1317,-86.35,8,1
100021,43715,1931-08-25,25,42.1,47.5,43.1317,-86.35,8,1
100022,43716,1931-08-25,26,42.1,47.5,43.1317,-86.35,8,1
100023,43717,1931-08-25,30,42.1,47.5,43.1317,-86.35,8,1
99639,43396,1931-06-22,26,52.1,57.6,43.1333,-86.3733,12,1
100938,43218,1931-05-14,23,47.5,58.5,43.1333,-86.3733,10,2
100939,43219,1931-05-14,24,47.5,58.5,43.1333,-86.3733,10,2
100940,43220,1931-05-14,25,47.5,58.5,43.1333,-86.3733,10,2
100941,43221,1931-05-14,26,47.5,58.5,43.1333,-86.3733,10,2
100942,43222,1931-05-14,30,47.5,58.5,43.1333,-86.3733,10,2
101009,43278,1931-05-28,23,52.1,58.5,43.1333,-86.3733,14,1
101010,43279,1931-05-28,24,52.1,58.5,43.1333,-86.3733,14,1
101011,43280,1931-05-28,25,52.1,58.5,43.1333,-86.3733,14,1
101012,43281,1931-05-28,26,52.1,58.5,43.1333,-86.3733,14,1
101013,43282,1931-05-28,30,52.1,58.5,43.1333,-86.3733,14,1
101076,43333,1931-06-10,23,52.1,58.5,43.1333,-86.3733,13,1
101077,43334,1931-06-10,24,52.1,58.5,43.1333,-86.3733,13,1
101078,43335,1931-06-10,25,52.1,58.5,43.1333,-86.3733,13,1
101079,43336,1931-06-10,26,52.1,58.5,43.1333,-86.3733,13,1
101080,43337,1931-06-10,30,52.1,58.5,43.1333,-86.3733,13,1
99636,43393,1931-06-22,23,52.1,57.6,43.1333,-86.3733,12,1
99637,43394,1931-06-22,24,52.1,57.6,43.1333,-86.3733,12,1
99638,43395,1931-06-22,25,52.1,57.6,43.1333,-86.3733,12,1
99640,43397,1931-06-22,30,52.1,57.6,43.1333,-86.3733,12,1
100090,43773,1931-09-03,23,54.9,58.5,43.1383,-86.405,9,1
100091,43774,1931-09-03,24,54.9,58.5,43.1383,-86.405,9,1
100092,43775,1931-09-03,25,54.9,58.5,43.1383,-86.405,9,1
100158,43831,1931-09-15,26,58.5,62.2,43.1433,-86.4183,12,1
100155,43828,1931-09-15,23,58.5,62.2,43.1433,-86.4183,12,1
100156,43829,1931-09-15,24,58.5,62.2,43.1433,-86.4183,12,1
100157,43830,1931-09-15,25,58.5,62.2,43.1433,-86.4183,12,1
100159,43832,1931-09-15,30,58.5,62.2,43.1433,-86.4183,12,1
100333,43878,1931-09-29,23,58.5,62.2,43.1433,-86.4183,14,1
100334,43879,1931-09-29,24,58.5,62.2,43.1433,-86.4183,14,1
100335,43880,1931-09-29,25,58.5,62.2,43.1433,-86.4183,14,1
100336,43881,1931-09-29,26,58.5,62.2,43.1433,-86.4183,14,1
100337,43882,1931-09-29,30,58.5,62.2,43.1433,-86.4183,14,1
100160,43833,1931-09-15,23,104.2,106.1,43.2017,-86.5317,12,1
100161,43834,1931-09-15,24,104.2,106.1,43.2017,-86.5317,12,1
100162,43835,1931-09-15,25,104.2,106.1,43.2017,-86.5317,12,1
100163,43836,1931-09-15,26,104.2,106.1,43.2017,-86.5317,12,1
100164,43837,1931-09-15,30,104.2,106.1,43.2017,-86.5317,12,1
100338,43883,1931-09-29,23,104.2,106.1,43.2017,-86.5317,14,1
100339,43884,1931-09-29,24,104.2,106.1,43.2017,-86.5317,14,1
100340,43885,1931-09-29,25,104.2,106.1,43.2017,-86.5317,14,1
100341,43886,1931-09-29,26,104.2,106.1,43.2017,-86.5317,14,1
100342,43887,1931-09-29,30,104.2,106.1,43.2017,-86.5317,14,1
100025,43719,1931-08-25,24,103.3,104.2,43.2017,-86.5133,8,1
100098,43781,1931-09-03,26,103.3,104.2,43.2017,-86.5133,9,1
100024,43718,1931-08-25,23,103.3,104.2,43.2017,-86.5133,8,1
100026,43720,1931-08-25,25,103.3,104.2,43.2017,-86.5133,8,1
100027,43721,1931-08-25,26,103.3,104.2,43.2017,-86.5133,8,1
100028,43722,1931-08-25,30,103.3,104.2,43.2017,-86.5133,8,1
100095,43778,1931-09-03,23,103.3,104.2,43.2017,-86.5133,9,1
100096,43779,1931-09-03,24,103.3,104.2,43.2017,-86.5133,9,1
100097,43780,1931-09-03,25,103.3,104.2,43.2017,-86.5133,9,1
100099,43782,1931-09-03,30,103.3,104.2,43.2017,-86.5133,9,1
101081,43338,1931-06-10,23,54.9,91.4,43.2017,-86.4967,13,1
99846,43572,1931-07-27,30,91.4,103.3,43.2017,-86.4967,9,1
100943,43223,1931-05-14,23,91.4,103.3,43.2017,-86.4967,10,2
100944,43224,1931-05-14,24,91.4,103.3,43.2017,-86.4967,10,2
100945,43225,1931-05-14,25,91.4,103.3,43.2017,-86.4967,10,2
100946,43226,1931-05-14,26,91.4,103.3,43.2017,-86.4967,10,2
100947,43227,1931-05-14,30,91.4,103.3,43.2017,-86.4967,10,2
101014,43283,1931-05-28,23,95.1,103.3,43.2017,-86.4967,14,1
101015,43284,1931-05-28,24,95.1,103.3,43.2017,-86.4967,14,1
101016,43285,1931-05-28,25,95.1,103.3,43.2017,-86.4967,14,1
101017,43286,1931-05-28,26,95.1,103.3,43.2017,-86.4967,14,1
101018,43287,1931-05-28,30,95.1,103.3,43.2017,-86.4967,14,1
101082,43339,1931-06-10,24,54.9,91.4,43.2017,-86.4967,13,1
101083,43340,1931-06-10,25,54.9,91.4,43.2017,-86.4967,13,1
101084,43341,1931-06-10,26,54.9,91.4,43.2017,-86.4967,13,1
101085,43342,1931-06-10,30,54.9,91.4,43.2017,-86.4967,13,1
99641,43398,1931-06-22,23,91.4,103.3,43.2017,-86.4967,12,1
99642,43399,1931-06-22,24,91.4,103.3,43.2017,-86.4967,12,1
99643,43400,1931-06-22,25,91.4,103.3,43.2017,-86.4967,12,1
99644,43401,1931-06-22,26,91.4,103.3,43.2017,-86.4967,12,1
99645,43402,1931-06-22,30,91.4,103.3,43.2017,-86.4967,12,1
99717,43463,1931-07-02,23,91.4,103.3,43.2017,-86.4967,10,1
99718,43464,1931-07-02,24,91.4,103.3,43.2017,-86.4967,10,1
99719,43465,1931-07-02,25,91.4,103.3,43.2017,-86.4967,10,1
99720,43466,1931-07-02,26,91.4,103.3,43.2017,-86.4967,10,1
99721,43467,1931-07-02,30,91.4,103.3,43.2017,-86.4967,10,1
99782,43518,1931-07-18,23,91.4,103.3,43.2017,-86.4967,16,1
99783,43519,1931-07-18,24,91.4,103.3,43.2017,-86.4967,16,1
99784,43520,1931-07-18,25,91.4,103.3,43.2017,-86.4967,16,1
99785,43521,1931-07-18,26,91.4,103.3,43.2017,-86.4967,16,1
99786,43522,1931-07-18,30,91.4,103.3,43.2017,-86.4967,16,1
99842,43568,1931-07-27,23,91.4,103.3,43.2017,-86.4967,9,1
99843,43569,1931-07-27,24,91.4,103.3,43.2017,-86.4967,9,1
99844,43570,1931-07-27,25,91.4,103.3,43.2017,-86.4967,9,1
99845,43571,1931-07-27,26,91.4,103.3,43.2017,-86.4967,9,1
99902,43618,1931-08-07,23,91.4,103.3,43.2017,-86.4967,11,1
99903,43619,1931-08-07,24,91.4,103.3,43.2017,-86.4967,11,1
99904,43620,1931-08-07,25,91.4,103.3,43.2017,-86.4967,11,1
99905,43621,1931-08-07,26,91.4,103.3,43.2017,-86.4967,11,1
99906,43622,1931-08-07,30,91.4,103.3,43.2017,-86.4967,11,1
99962,43668,1931-08-17,23,91.4,103.3,43.2017,-86.4967,10,1
99963,43669,1931-08-17,24,91.4,103.3,43.2017,-86.4967,10,1
99964,43670,1931-08-17,25,91.4,103.3,43.2017,-86.4967,10,1
99965,43671,1931-08-17,26,91.4,103.3,43.2017,-86.4967,10,1
99966,43672,1931-08-17,30,91.4,103.3,43.2017,-86.4967,10,1
100510,42867,1930-07-15,23,109.7,110.6,43.2236,-87.6333,22,1
100511,42868,1930-07-15,24,109.7,110.6,43.2236,-87.6333,22,1
100512,42869,1930-07-15,25,109.7,110.6,43.2236,-87.6333,22,1
100513,42870,1930-07-15,26,109.7,110.6,43.2236,-87.6333,22,1
100514,42871,1930-07-15,30,109.7,110.6,43.2236,-87.6333,22,1
100653,42987,1930-08-09,23,56.7,67.7,43.2945,-87.5181,11,1
100654,42988,1930-08-09,24,56.7,67.7,43.2945,-87.5181,11,1
100655,42989,1930-08-09,25,56.7,67.7,43.2945,-87.5181,11,1
100656,42990,1930-08-09,26,56.7,67.7,43.2945,-87.5181,11,1
100657,42991,1930-08-09,30,56.7,67.7,43.2945,-87.5181,11,1
100582,42927,1930-07-29,23,56.7,89.6,43.2945,-87.5306,11,1
100583,42928,1930-07-29,24,56.7,89.6,43.2945,-87.5306,11,1
100584,42929,1930-07-29,25,56.7,89.6,43.2945,-87.5306,11,1
100585,42930,1930-07-29,26,56.7,89.6,43.2945,-87.5306,11,1
100586,42931,1930-07-29,30,56.7,89.6,43.2945,-87.5306,11,1
100712,43042,1930-08-21,23,56.7,91.4,43.2945,-87.5306,12,1
100713,43043,1930-08-21,24,56.7,91.4,43.2945,-87.5306,12,1
100714,43044,1930-08-21,25,56.7,91.4,43.2945,-87.5306,12,1
100715,43045,1930-08-21,26,56.7,91.4,43.2945,-87.5306,12,1
100716,43046,1930-08-21,30,56.7,91.4,43.2945,-87.5306,12,1
100587,42932,1930-07-29,23,118.9,124.4,43.3083,-87.5833,11,1
100588,42933,1930-07-29,24,118.9,124.4,43.3083,-87.5833,11,1
100589,42934,1930-07-29,25,118.9,124.4,43.3083,-87.5833,11,1
100590,42935,1930-07-29,26,118.9,124.4,43.3083,-87.5833,11,1
100591,42936,1930-07-29,30,118.9,124.4,43.3083,-87.5833,11,1
100658,42992,1930-08-09,23,118.9,124.4,43.3083,-87.5833,11,1
100659,42993,1930-08-09,24,118.9,124.4,43.3083,-87.5833,11,1
100660,42994,1930-08-09,25,118.9,124.4,43.3083,-87.5833,11,1
100661,42995,1930-08-09,26,118.9,124.4,43.3083,-87.5833,11,1
100662,42996,1930-08-09,30,118.9,124.4,43.3083,-87.5833,11,1
100717,43047,1930-08-21,23,118.9,124.4,43.3083,-87.5833,12,1
100718,43048,1930-08-21,24,118.9,124.4,43.3083,-87.5833,12,1
100719,43049,1930-08-21,25,118.9,124.4,43.3083,-87.5833,12,1
100720,43050,1930-08-21,26,118.9,124.4,43.3083,-87.5833,12,1
100721,43051,1930-08-21,30,118.9,124.4,43.3083,-87.5833,12,1
100067,43753,1931-08-31,23,54.9,64,43.4083,-87.7717,10,2
100068,43754,1931-08-31,24,54.9,64,43.4083,-87.7717,10,2
100069,43755,1931-08-31,25,54.9,64,43.4083,-87.7717,10,2
100070,43756,1931-08-31,26,54.9,64,43.4083,-87.7717,10,2
100071,43757,1931-08-31,30,54.9,64,43.4083,-87.7717,10,2
101104,43357,1931-06-12,30,73.2,73.2,43.435,-87.2083,11,2
101100,43353,1931-06-12,23,73.2,73.2,43.435,-87.2083,11,2
101101,43354,1931-06-12,24,73.2,73.2,43.435,-87.2083,11,2
101102,43355,1931-06-12,25,73.2,73.2,43.435,-87.2083,11,2
101103,43356,1931-06-12,26,73.2,73.2,43.435,-87.2083,11,2
99670,43418,1931-06-27,23,73.2,73.2,43.435,-87.2083,15,3
99671,43419,1931-06-27,24,73.2,73.2,43.435,-87.2083,15,3
99672,43420,1931-06-27,25,73.2,73.2,43.435,-87.2083,15,3
99673,43421,1931-06-27,26,73.2,73.2,43.435,-87.2083,15,3
99674,43422,1931-06-27,30,73.2,73.2,43.435,-87.2083,15,3
100961,43238,1931-05-20,23,75,80.5,43.4417,-87.195,14,2
100962,43239,1931-05-20,24,75,80.5,43.4417,-87.195,14,2
100963,43240,1931-05-20,25,75,80.5,43.4417,-87.195,14,2
100964,43241,1931-05-20,26,75,80.5,43.4417,-87.195,14,2
100965,43242,1931-05-20,30,75,80.5,43.4417,-87.195,14,2
101028,43293,1931-06-01,23,80.5,84.1,43.4417,-87.195,12,2
101029,43294,1931-06-01,24,80.5,84.1,43.4417,-87.195,12,2
101030,43295,1931-06-01,25,80.5,84.1,43.4417,-87.195,12,2
101031,43296,1931-06-01,26,80.5,84.1,43.4417,-87.195,12,2
101032,43297,1931-06-01,30,80.5,84.1,43.4417,-87.195,12,2
99883,43602,1931-08-04,30,137.2,139,43.4417,-87.555,11,4
100074,43760,1931-08-31,25,137.2,139,43.4417,-87.555,10,2
99879,43598,1931-08-04,23,137.2,139,43.4417,-87.555,11,4
99880,43599,1931-08-04,24,137.2,139,43.4417,-87.555,11,4
99881,43600,1931-08-04,25,137.2,139,43.4417,-87.555,11,4
99882,43601,1931-08-04,26,137.2,139,43.4417,-87.555,11,4
99939,43648,1931-08-13,23,137.2,139,43.4417,-87.555,9,4
99940,43649,1931-08-13,24,137.2,139,43.4417,-87.555,9,4
99941,43650,1931-08-13,25,137.2,139,43.4417,-87.555,9,4
99942,43651,1931-08-13,26,137.2,139,43.4417,-87.555,9,4
99943,43652,1931-08-13,30,137.2,139,43.4417,-87.555,9,4
100000,43698,1931-08-21,23,137.2,139,43.4417,-87.555,8,4
100001,43699,1931-08-21,24,137.2,139,43.4417,-87.555,8,4
100002,43700,1931-08-21,25,137.2,139,43.4417,-87.555,8,4
100003,43701,1931-08-21,26,137.2,139,43.4417,-87.555,8,4
100004,43702,1931-08-21,30,137.2,139,43.4417,-87.555,8,4
100072,43758,1931-08-31,23,137.2,139,43.4417,-87.555,10,2
100073,43759,1931-08-31,24,137.2,139,43.4417,-87.555,10,2
100075,43761,1931-08-31,26,137.2,139,43.4417,-87.555,10,2
100076,43762,1931-08-31,30,137.2,139,43.4417,-87.555,10,2
100138,43813,1931-09-11,23,137.2,139.9,43.4417,-87.555,11,3
100139,43814,1931-09-11,24,137.2,139.9,43.4417,-87.555,11,3
100140,43815,1931-09-11,25,137.2,139.9,43.4417,-87.555,11,3
100141,43816,1931-09-11,26,137.2,139.9,43.4417,-87.555,11,3
100142,43817,1931-09-11,30,137.2,139.9,43.4417,-87.555,11,3
100908,43195,1931-05-07,25,80.5,84.1,43.4517,-87.21,13,2
100906,43193,1931-05-07,23,80.5,84.1,43.4517,-87.21,13,2
100907,43194,1931-05-07,24,80.5,84.1,43.4517,-87.21,13,2
100909,43196,1931-05-07,26,80.5,84.1,43.4517,-87.21,13,2
100910,43197,1931-05-07,30,80.5,84.1,43.4517,-87.21,13,2
100563,42912,1930-07-25,23,102.4,102.4,43.6,-86.6125,14,1
100564,42913,1930-07-25,24,102.4,102.4,43.6,-86.6125,14,1
100565,42914,1930-07-25,25,102.4,102.4,43.6,-86.6125,14,1
100566,42915,1930-07-25,26,102.4,102.4,43.6,-86.6125,14,1
100567,42916,1930-07-25,30,102.4,102.4,43.6,-86.6125,14,1
100633,42972,1930-08-06,23,102.4,102.4,43.6,-86.6125,12,1
100634,42973,1930-08-06,24,102.4,102.4,43.6,-86.6125,12,1
100635,42974,1930-08-06,25,102.4,102.4,43.6,-86.6125,12,1
100636,42975,1930-08-06,26,102.4,102.4,43.6,-86.6125,12,1
100637,42976,1930-08-06,30,102.4,102.4,43.6,-86.6125,12,1
100692,43022,1930-08-18,23,102.4,102.4,43.6,-86.6125,12,1
100693,43023,1930-08-18,24,102.4,102.4,43.6,-86.6125,12,1
100694,43024,1930-08-18,25,102.4,102.4,43.6,-86.6125,12,1
100695,43025,1930-08-18,26,102.4,102.4,43.6,-86.6125,12,1
100696,43026,1930-08-18,30,102.4,102.4,43.6,-86.6125,12,1
100271,44028,1931-11-18,23,128,131.7,43.6067,-87.5,12,2
100272,44029,1931-11-18,24,128,131.7,43.6067,-87.5,12,2
100273,44030,1931-11-18,25,128,131.7,43.6067,-87.5,12,2
100274,44031,1931-11-18,26,128,131.7,43.6067,-87.5,12,2
100275,44032,1931-11-18,30,128,131.7,43.6067,-87.5,12,2
100379,43923,1931-10-06,23,128,131.7,43.6067,-87.5,13,2
100380,43924,1931-10-06,24,128,131.7,43.6067,-87.5,13,2
100381,43925,1931-10-06,25,128,131.7,43.6067,-87.5,13,2
100382,43926,1931-10-06,26,128,131.7,43.6067,-87.5,13,2
100383,43927,1931-10-06,30,128,131.7,43.6067,-87.5,13,2
100405,43943,1931-10-16,23,128,131.7,43.6067,-87.5,10,2
100406,43944,1931-10-16,24,128,131.7,43.6067,-87.5,10,2
100407,43945,1931-10-16,25,128,131.7,43.6067,-87.5,10,2
100408,43946,1931-10-16,26,128,131.7,43.6067,-87.5,10,2
100409,43947,1931-10-16,30,128,131.7,43.6067,-87.5,10,2
100208,43973,1931-10-26,23,128,131.7,43.6067,-87.5,10,2
100209,43974,1931-10-26,24,128,131.7,43.6067,-87.5,10,2
100210,43975,1931-10-26,25,128,131.7,43.6067,-87.5,10,2
100211,43976,1931-10-26,26,128,131.7,43.6067,-87.5,10,2
100212,43977,1931-10-26,30,128,131.7,43.6067,-87.5,10,2
100244,44003,1931-11-06,23,128,131.7,43.6067,-87.5,11,2
100245,44004,1931-11-06,24,128,131.7,43.6067,-87.5,11,2
100246,44005,1931-11-06,25,128,131.7,43.6067,-87.5,11,2
100247,44006,1931-11-06,26,128,131.7,43.6067,-87.5,11,2
100248,44007,1931-11-06,30,128,131.7,43.6067,-87.5,11,2
100621,42962,1930-08-05,23,111.6,115.2,43.6431,-86.6819,13,1
100622,42963,1930-08-05,24,111.6,115.2,43.6431,-86.6819,13,1
100623,42964,1930-08-05,25,111.6,115.2,43.6431,-86.6819,13,1
100624,42965,1930-08-05,26,111.6,115.2,43.6431,-86.6819,13,1
100625,42966,1930-08-05,30,111.6,115.2,43.6431,-86.6819,13,1
100727,43057,1930-08-26,23,111.6,115.2,43.6431,-86.6819,13,1
100728,43058,1930-08-26,24,111.6,115.2,43.6431,-86.6819,13,1
100729,43059,1930-08-26,25,111.6,115.2,43.6431,-86.6819,13,1
100730,43060,1930-08-26,26,111.6,115.2,43.6431,-86.6819,13,1
100731,43061,1930-08-26,30,111.6,115.2,43.6431,-86.6819,13,1
99666,43415,1931-06-26,25,119.8,133.5,43.65,-87.5233,13,3
99664,43413,1931-06-26,23,119.8,133.5,43.65,-87.5233,13,3
99665,43414,1931-06-26,24,119.8,133.5,43.65,-87.5233,13,3
99667,43416,1931-06-26,26,119.8,133.5,43.65,-87.5233,13,3
99668,43417,1931-06-26,30,119.8,133.5,43.65,-87.5233,13,3
99760,43498,1931-07-09,23,119.8,133.5,43.65,-87.5233,13,3
99761,43499,1931-07-09,24,119.8,133.5,43.65,-87.5233,13,3
99762,43500,1931-07-09,25,119.8,133.5,43.65,-87.5233,13,3
99763,43501,1931-07-09,26,119.8,133.5,43.65,-87.5233,13,3
99764,43502,1931-07-09,30,119.8,133.5,43.65,-87.5233,13,3
100680,43012,1930-08-13,23,111.6,115.2,43.6556,-86.7695,8,1
100681,43013,1930-08-13,24,111.6,115.2,43.6556,-86.7695,8,1
100682,43014,1930-08-13,25,111.6,115.2,43.6556,-86.7695,8,1
100683,43015,1930-08-13,26,111.6,115.2,43.6556,-86.7695,8,1
100684,43016,1930-08-13,30,111.6,115.2,43.6556,-86.7695,8,1
101034,43298,1931-06-02,23,99.7,119.8,43.6583,-87.5383,13,2
100900,43188,1931-05-06,23,100.6,119.8,43.6583,-87.5383,12,2
100901,43189,1931-05-06,24,100.6,119.8,43.6583,-87.5383,12,2
100902,43190,1931-05-06,25,100.6,119.8,43.6583,-87.5383,12,2
100903,43191,1931-05-06,26,100.6,119.8,43.6583,-87.5383,12,2
100904,43192,1931-05-06,30,100.6,119.8,43.6583,-87.5383,12,2
100966,43243,1931-05-20,23,100.6,119.8,43.6583,-87.5383,14,2
100967,43244,1931-05-20,24,100.6,119.8,43.6583,-87.5383,14,2
100968,43245,1931-05-20,25,100.6,119.8,43.6583,-87.5383,14,2
100969,43246,1931-05-20,26,100.6,119.8,43.6583,-87.5383,14,2
100970,43247,1931-05-20,30,100.6,119.8,43.6583,-87.5383,14,2
101035,43299,1931-06-02,24,99.7,119.8,43.6583,-87.5383,13,2
101036,43300,1931-06-02,25,99.7,119.8,43.6583,-87.5383,13,2
101037,43301,1931-06-02,26,99.7,119.8,43.6583,-87.5383,13,2
101038,43302,1931-06-02,30,99.7,119.8,43.6583,-87.5383,13,2
101107,43358,1931-06-13,23,99.7,119.8,43.6583,-87.5383,11,2
101108,43359,1931-06-13,24,99.7,119.8,43.6583,-87.5383,11,2
101109,43360,1931-06-13,25,99.7,119.8,43.6583,-87.5383,11,2
99597,43361,1931-06-13,26,99.7,119.8,43.6583,-87.5383,11,2
99598,43362,1931-06-13,30,99.7,119.8,43.6583,-87.5383,11,2
100266,44023,1931-11-18,23,69.5,82.3,43.665,-87.5917,12,1
100267,44024,1931-11-18,24,69.5,82.3,43.665,-87.5917,12,1
100268,44025,1931-11-18,25,69.5,82.3,43.665,-87.5917,12,1
100269,44026,1931-11-18,26,69.5,82.3,43.665,-87.5917,12,1
100376,43920,1931-10-06,25,69.5,91.4,43.665,-87.5917,13,2
100402,43940,1931-10-16,25,69.5,91.4,43.665,-87.5917,10,2
100204,43969,1931-10-26,24,69.5,91.4,43.665,-87.5917,10,2
100239,43998,1931-11-06,23,69.5,91.4,43.665,-87.5917,11,2
100270,44027,1931-11-18,30,69.5,82.3,43.665,-87.5917,12,1
100374,43918,1931-10-06,23,69.5,91.4,43.665,-87.5917,13,2
100375,43919,1931-10-06,24,69.5,91.4,43.665,-87.5917,13,2
100377,43921,1931-10-06,26,69.5,91.4,43.665,-87.5917,13,2
100378,43922,1931-10-06,30,69.5,91.4,43.665,-87.5917,13,2
100400,43938,1931-10-16,23,69.5,91.4,43.665,-87.5917,10,2
100401,43939,1931-10-16,24,69.5,91.4,43.665,-87.5917,10,2
100403,43941,1931-10-16,26,69.5,91.4,43.665,-87.5917,10,2
100404,43942,1931-10-16,30,69.5,91.4,43.665,-87.5917,10,2
100203,43968,1931-10-26,23,69.5,91.4,43.665,-87.5917,10,2
100205,43970,1931-10-26,25,69.5,91.4,43.665,-87.5917,10,2
100206,43971,1931-10-26,26,69.5,91.4,43.665,-87.5917,10,2
100207,43972,1931-10-26,30,69.5,91.4,43.665,-87.5917,10,2
100240,43999,1931-11-06,24,69.5,91.4,43.665,-87.5917,11,2
100241,44000,1931-11-06,25,69.5,91.4,43.665,-87.5917,11,2
100242,44001,1931-11-06,26,69.5,91.4,43.665,-87.5917,11,2
100243,44002,1931-11-06,30,69.5,91.4,43.665,-87.5917,11,2
100551,42902,1930-07-23,23,95.1,96.9,43.7333,-86.6764,13,1
100552,42903,1930-07-23,24,95.1,96.9,43.7333,-86.6764,13,1
100553,42904,1930-07-23,25,95.1,96.9,43.7333,-86.6764,13,1
100554,42905,1930-07-23,26,95.1,96.9,43.7333,-86.6764,13,1
100555,42906,1930-07-23,30,95.1,96.9,43.7333,-86.6764,13,1
100489,42852,1930-07-10,23,54.9,56.7,43.85,-86.5708,12,1
100490,42853,1930-07-10,24,54.9,56.7,43.85,-86.5708,12,1
100491,42854,1930-07-10,25,54.9,56.7,43.85,-86.5708,12,1
100492,42855,1930-07-10,26,54.9,56.7,43.85,-86.5708,12,1
100493,42856,1930-07-10,30,54.9,56.7,43.85,-86.5708,12,1
100546,42897,1930-07-23,23,47.5,53,43.8681,-86.5528,13,1
100547,42898,1930-07-23,24,47.5,53,43.8681,-86.5528,13,1
100548,42899,1930-07-23,25,47.5,53,43.8681,-86.5528,13,1
100549,42900,1930-07-23,26,47.5,53,43.8681,-86.5528,13,1
100550,42901,1930-07-23,30,47.5,53,43.8681,-86.5528,13,1
100616,42957,1930-08-05,23,47.5,53,43.8681,-86.5528,13,1
100617,42958,1930-08-05,24,47.5,53,43.8681,-86.5528,13,1
100618,42959,1930-08-05,25,47.5,53,43.8681,-86.5528,13,1
100619,42960,1930-08-05,26,47.5,53,43.8681,-86.5528,13,1
100620,42961,1930-08-05,30,47.5,53,43.8681,-86.5528,13,1
100675,43007,1930-08-13,23,47.5,53,43.8681,-86.5528,8,1
100676,43008,1930-08-13,24,47.5,53,43.8681,-86.5528,8,1
100677,43009,1930-08-13,25,47.5,53,43.8681,-86.5528,8,1
100678,43010,1930-08-13,26,47.5,53,43.8681,-86.5528,8,1
100679,43011,1930-08-13,30,47.5,53,43.8681,-86.5528,8,1
100722,43052,1930-08-26,23,47.5,53,43.8681,-86.5528,13,1
100723,43053,1930-08-26,24,47.5,53,43.8681,-86.5528,13,1
100724,43054,1930-08-26,25,47.5,53,43.8681,-86.5528,13,1
100725,43055,1930-08-26,26,47.5,53,43.8681,-86.5528,13,1
100726,43056,1930-08-26,30,47.5,53,43.8681,-86.5528,13,1
101021,43288,1931-05-29,23,133.5,146.3,43.9133,-86.6817,10,2
100955,43233,1931-05-19,23,137.2,146.3,43.9133,-86.6817,14,2
100956,43234,1931-05-19,24,137.2,146.3,43.9133,-86.6817,14,2
100957,43235,1931-05-19,25,137.2,146.3,43.9133,-86.6817,14,2
100958,43236,1931-05-19,26,137.2,146.3,43.9133,-86.6817,14,2
100959,43237,1931-05-19,30,137.2,146.3,43.9133,-86.6817,14,2
101022,43289,1931-05-29,24,133.5,146.3,43.9133,-86.6817,10,2
101023,43290,1931-05-29,25,133.5,146.3,43.9133,-86.6817,10,2
101024,43291,1931-05-29,26,133.5,146.3,43.9133,-86.6817,10,2
101025,43292,1931-05-29,30,133.5,146.3,43.9133,-86.6817,10,2
99858,43582,1931-07-28,30,107.9,137.2,43.9217,-86.6733,8,2
99918,43632,1931-08-08,30,107.9,137.2,43.9217,-86.6733,11,2
100038,43730,1931-08-26,25,107.9,135.3,43.9217,-86.6733,8,2
100110,43791,1931-09-04,26,107.9,135.3,43.9217,-86.6733,9,2
101093,43348,1931-06-11,23,113.4,133.5,43.9217,-86.6733,13,1
101094,43349,1931-06-11,24,113.4,133.5,43.9217,-86.6733,13,1
101095,43350,1931-06-11,25,113.4,133.5,43.9217,-86.6733,13,1
101096,43351,1931-06-11,26,113.4,133.5,43.9217,-86.6733,13,1
101097,43352,1931-06-11,30,113.4,133.5,43.9217,-86.6733,13,1
99653,43408,1931-06-23,23,109.7,137.2,43.9217,-86.6733,12,2
99654,43409,1931-06-23,24,109.7,137.2,43.9217,-86.6733,12,2
99655,43410,1931-06-23,25,109.7,137.2,43.9217,-86.6733,12,2
99656,43411,1931-06-23,26,109.7,137.2,43.9217,-86.6733,12,2
99657,43412,1931-06-23,30,109.7,137.2,43.9217,-86.6733,12,2
99729,43473,1931-07-03,23,109.7,137.2,43.9217,-86.6733,10,2
99730,43474,1931-07-03,24,109.7,137.2,43.9217,-86.6733,10,2
99731,43475,1931-07-03,25,109.7,137.2,43.9217,-86.6733,10,2
99732,43476,1931-07-03,26,109.7,137.2,43.9217,-86.6733,10,2
99733,43477,1931-07-03,30,109.7,137.2,43.9217,-86.6733,10,2
99794,43528,1931-07-20,23,109.7,137.2,43.9217,-86.6733,17,2
99795,43529,1931-07-20,24,109.7,137.2,43.9217,-86.6733,17,2
99796,43530,1931-07-20,25,109.7,137.2,43.9217,-86.6733,17,2
99797,43531,1931-07-20,26,109.7,137.2,43.9217,-86.6733,17,2
99798,43532,1931-07-20,30,109.7,137.2,43.9217,-86.6733,17,2
99854,43578,1931-07-28,23,107.9,137.2,43.9217,-86.6733,8,2
99855,43579,1931-07-28,24,107.9,137.2,43.9217,-86.6733,8,2
99856,43580,1931-07-28,25,107.9,137.2,43.9217,-86.6733,8,2
99857,43581,1931-07-28,26,107.9,137.2,43.9217,-86.6733,8,2
99914,43628,1931-08-08,23,107.9,137.2,43.9217,-86.6733,11,2
99915,43629,1931-08-08,24,107.9,137.2,43.9217,-86.6733,11,2
99916,43630,1931-08-08,25,107.9,137.2,43.9217,-86.6733,11,2
99917,43631,1931-08-08,26,107.9,137.2,43.9217,-86.6733,11,2
99974,43678,1931-08-18,23,107.9,135.3,43.9217,-86.6733,10,2
99975,43679,1931-08-18,24,107.9,135.3,43.9217,-86.6733,10,2
99976,43680,1931-08-18,25,107.9,135.3,43.9217,-86.6733,10,2
99977,43681,1931-08-18,26,107.9,135.3,43.9217,-86.6733,10,2
99978,43682,1931-08-18,30,107.9,135.3,43.9217,-86.6733,10,2
100036,43728,1931-08-26,23,107.9,135.3,43.9217,-86.6733,8,2
100037,43729,1931-08-26,24,107.9,135.3,43.9217,-86.6733,8,2
100039,43731,1931-08-26,26,107.9,135.3,43.9217,-86.6733,8,2
100040,43732,1931-08-26,30,107.9,135.3,43.9217,-86.6733,8,2
100107,43788,1931-09-04,23,107.9,135.3,43.9217,-86.6733,9,2
100108,43789,1931-09-04,24,107.9,135.3,43.9217,-86.6733,9,2
100109,43790,1931-09-04,25,107.9,135.3,43.9217,-86.6733,9,2
100111,43792,1931-09-04,30,107.9,135.3,43.9217,-86.6733,9,2
100172,43843,1931-09-18,23,107.9,115.2,43.9217,-86.6733,14,1
100173,43844,1931-09-18,24,107.9,115.2,43.9217,-86.6733,14,1
100174,43845,1931-09-18,25,107.9,115.2,43.9217,-86.6733,14,1
100175,43846,1931-09-18,26,107.9,115.2,43.9217,-86.6733,14,1
100176,43847,1931-09-18,30,107.9,115.2,43.9217,-86.6733,14,1
100348,43893,1931-10-01,23,107.9,115.2,43.9217,-86.6733,13,1
100349,43894,1931-10-01,24,107.9,115.2,43.9217,-86.6733,13,1
100350,43895,1931-10-01,25,107.9,115.2,43.9217,-86.6733,13,1
100351,43896,1931-10-01,26,107.9,115.2,43.9217,-86.6733,13,1
100352,43897,1931-10-01,30,107.9,115.2,43.9217,-86.6733,13,1
101092,43347,1931-06-11,30,53.9,56.7,43.93,-86.6,13,1
99651,43406,1931-06-23,26,53.9,56.7,43.93,-86.6,12,1
100950,43228,1931-05-15,23,54.9,61.3,43.93,-86.6,10,2
100951,43229,1931-05-15,24,54.9,61.3,43.93,-86.6,10,2
100952,43230,1931-05-15,25,54.9,61.3,43.93,-86.6,10,2
100953,43231,1931-05-15,26,54.9,61.3,43.93,-86.6,10,2
100954,43232,1931-05-15,30,54.9,61.3,43.93,-86.6,10,2
101088,43343,1931-06-11,23,53.9,56.7,43.93,-86.6,13,1
101089,43344,1931-06-11,24,53.9,56.7,43.93,-86.6,13,1
101090,43345,1931-06-11,25,53.9,56.7,43.93,-86.6,13,1
101091,43346,1931-06-11,26,53.9,56.7,43.93,-86.6,13,1
99648,43403,1931-06-23,23,53.9,56.7,43.93,-86.6,12,1
99649,43404,1931-06-23,24,53.9,56.7,43.93,-86.6,12,1
99650,43405,1931-06-23,25,53.9,56.7,43.93,-86.6,12,1
99652,43407,1931-06-23,30,53.9,56.7,43.93,-86.6,12,1
99724,43468,1931-07-03,23,53.9,56.7,43.93,-86.6,10,1
99725,43469,1931-07-03,24,53.9,56.7,43.93,-86.6,10,1
99726,43470,1931-07-03,25,53.9,56.7,43.93,-86.6,10,1
99727,43471,1931-07-03,26,53.9,56.7,43.93,-86.6,10,1
99728,43472,1931-07-03,30,53.9,56.7,43.93,-86.6,10,1
100343,43888,1931-10-01,23,53,57.6,43.93,-86.6,13,1
100344,43889,1931-10-01,24,53,57.6,43.93,-86.6,13,1
100345,43890,1931-10-01,25,53,57.6,43.93,-86.6,13,1
100346,43891,1931-10-01,26,53,57.6,43.93,-86.6,13,1
100347,43892,1931-10-01,30,53,57.6,43.93,-86.6,13,1
99790,43524,1931-07-20,24,49.4,53.9,43.9317,-86.5933,17,1
99909,43623,1931-08-08,23,49.4,53.9,43.9317,-86.5933,11,1
100170,43841,1931-09-18,26,53,56.7,43.9317,-86.5933,14,1
99789,43523,1931-07-20,23,49.4,53.9,43.9317,-86.5933,17,1
99791,43525,1931-07-20,25,49.4,53.9,43.9317,-86.5933,17,1
99792,43526,1931-07-20,26,49.4,53.9,43.9317,-86.5933,17,1
99793,43527,1931-07-20,30,49.4,53.9,43.9317,-86.5933,17,1
99849,43573,1931-07-28,23,49.4,53.9,43.9317,-86.5933,8,1
99850,43574,1931-07-28,24,49.4,53.9,43.9317,-86.5933,8,1
99851,43575,1931-07-28,25,49.4,53.9,43.9317,-86.5933,8,1
99852,43576,1931-07-28,26,49.4,53.9,43.9317,-86.5933,8,1
99853,43577,1931-07-28,30,49.4,53.9,43.9317,-86.5933,8,1
99910,43624,1931-08-08,24,49.4,53.9,43.9317,-86.5933,11,1
99911,43625,1931-08-08,25,49.4,53.9,43.9317,-86.5933,11,1
99912,43626,1931-08-08,26,49.4,53.9,43.9317,-86.5933,11,1
99913,43627,1931-08-08,30,49.4,53.9,43.9317,-86.5933,11,1
99969,43673,1931-08-18,23,49.4,53.9,43.9317,-86.5933,10,1
99970,43674,1931-08-18,24,49.4,53.9,43.9317,-86.5933,10,1
99971,43675,1931-08-18,25,49.4,53.9,43.9317,-86.5933,10,1
99972,43676,1931-08-18,26,49.4,53.9,43.9317,-86.5933,10,1
99973,43677,1931-08-18,30,49.4,53.9,43.9317,-86.5933,10,1
100031,43723,1931-08-26,23,49.4,53.9,43.9317,-86.5933,8,1
100032,43724,1931-08-26,24,49.4,53.9,43.9317,-86.5933,8,1
100033,43725,1931-08-26,25,49.4,53.9,43.9317,-86.5933,8,1
100034,43726,1931-08-26,26,49.4,53.9,43.9317,-86.5933,8,1
100035,43727,1931-08-26,30,49.4,53.9,43.9317,-86.5933,8,1
100102,43783,1931-09-04,23,49.4,53.9,43.9317,-86.5933,9,1
100103,43784,1931-09-04,24,49.4,53.9,43.9317,-86.5933,9,1
100104,43785,1931-09-04,25,49.4,53.9,43.9317,-86.5933,9,1
100105,43786,1931-09-04,26,49.4,53.9,43.9317,-86.5933,9,1
100106,43787,1931-09-04,30,49.4,53.9,43.9317,-86.5933,9,1
100167,43838,1931-09-18,23,53,56.7,43.9317,-86.5933,14,1
100168,43839,1931-09-18,24,53,56.7,43.9317,-86.5933,14,1
100169,43840,1931-09-18,25,53,56.7,43.9317,-86.5933,14,1
100171,43842,1931-09-18,30,53,56.7,43.9317,-86.5933,14,1
99753,43493,1931-07-08,23,82.3,85,43.945,-87.3533,13,2
99754,43494,1931-07-08,24,82.3,85,43.945,-87.3533,13,2
99755,43495,1931-07-08,25,82.3,85,43.945,-87.3533,13,2
99756,43496,1931-07-08,26,82.3,85,43.945,-87.3533,13,2
99757,43497,1931-07-08,30,82.3,85,43.945,-87.3533,13,2
99817,43548,1931-07-23,23,82.3,85,43.945,-87.3533,15,2
99818,43549,1931-07-23,24,82.3,85,43.945,-87.3533,15,2
99819,43550,1931-07-23,25,82.3,85,43.945,-87.3533,15,2
99820,43551,1931-07-23,26,82.3,85,43.945,-87.3533,15,2
99821,43552,1931-07-23,30,82.3,85,43.945,-87.3533,15,2
99874,43593,1931-08-03,23,82.3,85,43.945,-87.3533,11,2
99875,43594,1931-08-03,24,82.3,85,43.945,-87.3533,11,2
99876,43595,1931-08-03,25,82.3,85,43.945,-87.3533,11,2
99877,43596,1931-08-03,26,82.3,85,43.945,-87.3533,11,2
99878,43597,1931-08-03,30,82.3,85,43.945,-87.3533,11,2
99812,43543,1931-07-23,23,76.8,80.5,44,-87.41,15,2
99873,43592,1931-08-03,30,76.8,80.5,44,-87.41,11,2
99813,43544,1931-07-23,24,76.8,80.5,44,-87.41,15,2
99814,43545,1931-07-23,25,76.8,80.5,44,-87.41,15,2
99815,43546,1931-07-23,26,76.8,80.5,44,-87.41,15,2
99816,43547,1931-07-23,30,76.8,80.5,44,-87.41,15,2
99869,43588,1931-08-03,23,76.8,80.5,44,-87.41,11,2
99870,43589,1931-08-03,24,76.8,80.5,44,-87.41,11,2
99871,43590,1931-08-03,25,76.8,80.5,44,-87.41,11,2
99872,43591,1931-08-03,26,76.8,80.5,44,-87.41,11,2
99748,43488,1931-07-08,23,51.2,64,44.0767,-87.48,13,2
99749,43489,1931-07-08,24,51.2,64,44.0767,-87.48,13,2
99750,43490,1931-07-08,25,51.2,64,44.0767,-87.48,13,2
99751,43491,1931-07-08,26,51.2,64,44.0767,-87.48,13,2
99752,43492,1931-07-08,30,51.2,64,44.0767,-87.48,13,2
100455,42822,1930-07-03,23,45.7,49.4,44.15,-87.425,10,1
100456,42823,1930-07-03,24,45.7,49.4,44.15,-87.425,10,1
100457,42824,1930-07-03,25,45.7,49.4,44.15,-87.425,10,1
100458,42825,1930-07-03,26,45.7,49.4,44.15,-87.425,10,1
100459,42826,1930-07-03,30,45.7,49.4,44.15,-87.425,10,1
100522,42877,1930-07-21,23,45.7,49.4,44.15,-87.425,18,1
100523,42878,1930-07-21,24,45.7,49.4,44.15,-87.425,18,1
100524,42879,1930-07-21,25,45.7,49.4,44.15,-87.425,18,1
100525,42880,1930-07-21,26,45.7,49.4,44.15,-87.425,18,1
100526,42881,1930-07-21,30,45.7,49.4,44.15,-87.425,18,1
100594,42937,1930-07-30,23,45.7,49.4,44.15,-87.425,9,1
100595,42938,1930-07-30,24,45.7,49.4,44.15,-87.425,9,1
100596,42939,1930-07-30,25,45.7,49.4,44.15,-87.425,9,1
100597,42940,1930-07-30,26,45.7,49.4,44.15,-87.425,9,1
100598,42941,1930-07-30,30,45.7,49.4,44.15,-87.425,9,1
100665,42997,1930-08-12,23,45.7,49.4,44.15,-87.425,13,1
100666,42998,1930-08-12,24,45.7,49.4,44.15,-87.425,13,1
100667,42999,1930-08-12,25,45.7,49.4,44.15,-87.425,13,1
100668,43000,1930-08-12,26,45.7,49.4,44.15,-87.425,13,1
100669,43001,1930-08-12,30,45.7,49.4,44.15,-87.425,13,1
100460,42827,1930-07-03,23,137.2,146.3,44.1722,-87.2583,10,1
100461,42828,1930-07-03,24,137.2,146.3,44.1722,-87.2583,10,1
100462,42829,1930-07-03,25,137.2,146.3,44.1722,-87.2583,10,1
100463,42830,1930-07-03,26,137.2,146.3,44.1722,-87.2583,10,1
100464,42831,1930-07-03,30,137.2,146.3,44.1722,-87.2583,10,1
100527,42882,1930-07-21,23,137.2,146.3,44.1722,-87.2583,18,1
100528,42883,1930-07-21,24,137.2,146.3,44.1722,-87.2583,18,1
100529,42884,1930-07-21,25,137.2,146.3,44.1722,-87.2583,18,1
100530,42885,1930-07-21,26,137.2,146.3,44.1722,-87.2583,18,1
100531,42886,1930-07-21,30,137.2,146.3,44.1722,-87.2583,18,1
100599,42942,1930-07-30,23,137.2,146.3,44.1722,-87.2583,9,1
100600,42943,1930-07-30,24,137.2,146.3,44.1722,-87.2583,9,1
100601,42944,1930-07-30,25,137.2,146.3,44.1722,-87.2583,9,1
100602,42945,1930-07-30,26,137.2,146.3,44.1722,-87.2583,9,1
100603,42946,1930-07-30,30,137.2,146.3,44.1722,-87.2583,9,1
100670,43002,1930-08-12,23,137.2,146.3,44.1722,-87.2583,13,1
100671,43003,1930-08-12,24,137.2,146.3,44.1722,-87.2583,13,1
100672,43004,1930-08-12,25,137.2,146.3,44.1722,-87.2583,13,1
100673,43005,1930-08-12,26,137.2,146.3,44.1722,-87.2583,13,1
100674,43006,1930-08-12,30,137.2,146.3,44.1722,-87.2583,13,1
99806,43538,1931-07-21,23,114.3,122.5,44.2417,-86.4667,14,1
99807,43539,1931-07-21,24,114.3,122.5,44.2417,-86.4667,14,1
99808,43540,1931-07-21,25,114.3,122.5,44.2417,-86.4667,14,1
99809,43541,1931-07-21,26,114.3,122.5,44.2417,-86.4667,14,1
99810,43542,1931-07-21,30,114.3,122.5,44.2417,-86.4667,14,1
99736,43478,1931-07-06,23,56.7,91.4,44.2433,-86.4267,12,2
99737,43479,1931-07-06,24,56.7,91.4,44.2433,-86.4267,12,2
99738,43480,1931-07-06,25,56.7,91.4,44.2433,-86.4267,12,2
99739,43481,1931-07-06,26,56.7,91.4,44.2433,-86.4267,12,2
99740,43482,1931-07-06,30,56.7,91.4,44.2433,-86.4267,12,2
99741,43483,1931-07-07,23,91.4,113.4,44.2433,-86.4267,13,2
99742,43484,1931-07-07,24,91.4,113.4,44.2433,-86.4267,13,2
99743,43485,1931-07-07,25,91.4,113.4,44.2433,-86.4267,13,2
99744,43486,1931-07-07,26,91.4,113.4,44.2433,-86.4267,13,2
99745,43487,1931-07-07,30,91.4,113.4,44.2433,-86.4267,13,2
99802,43534,1931-07-21,24,51.2,60.4,44.2567,-86.4117,14,1
99801,43533,1931-07-21,23,51.2,60.4,44.2567,-86.4117,14,1
99803,43535,1931-07-21,25,51.2,60.4,44.2567,-86.4117,14,1
99804,43536,1931-07-21,26,51.2,60.4,44.2567,-86.4117,14,1
99805,43537,1931-07-21,30,51.2,60.4,44.2567,-86.4117,14,1
100394,43933,1931-10-15,23,146.3,157.3,44.4183,-87.29,10,3
100395,43934,1931-10-15,24,146.3,157.3,44.4183,-87.29,10,3
100396,43935,1931-10-15,25,146.3,157.3,44.4183,-87.29,10,3
100397,43936,1931-10-15,26,146.3,157.3,44.4183,-87.29,10,3
100398,43937,1931-10-15,30,146.3,157.3,44.4183,-87.29,10,3
100197,43963,1931-10-24,23,162.8,177.4,44.4183,-87.29,9,3
100198,43964,1931-10-24,24,162.8,177.4,44.4183,-87.29,9,3
100199,43965,1931-10-24,25,162.8,177.4,44.4183,-87.29,9,3
100200,43966,1931-10-24,26,162.8,177.4,44.4183,-87.29,9,3
100201,43967,1931-10-24,30,162.8,177.4,44.4183,-87.29,9,3
99932,43643,1931-08-12,23,150,159.1,44.42,-87.28,12,2
100062,43750,1931-08-28,25,150,159.1,44.42,-87.28,8,2
100135,43812,1931-09-10,30,150,159.1,44.42,-87.28,13,2
99933,43644,1931-08-12,24,150,159.1,44.42,-87.28,12,2
99934,43645,1931-08-12,25,150,159.1,44.42,-87.28,12,2
99935,43646,1931-08-12,26,150,159.1,44.42,-87.28,12,2
99936,43647,1931-08-12,30,150,159.1,44.42,-87.28,12,2
99993,43693,1931-08-20,23,150,159.1,44.42,-87.28,8,2
99994,43694,1931-08-20,24,150,159.1,44.42,-87.28,8,2
99995,43695,1931-08-20,25,150,159.1,44.42,-87.28,8,2
99996,43696,1931-08-20,26,150,159.1,44.42,-87.28,8,2
99997,43697,1931-08-20,30,150,159.1,44.42,-87.28,8,2
100060,43748,1931-08-28,23,150,159.1,44.42,-87.28,8,2
100061,43749,1931-08-28,24,150,159.1,44.42,-87.28,8,2
100063,43751,1931-08-28,26,150,159.1,44.42,-87.28,8,2
100064,43752,1931-08-28,30,150,159.1,44.42,-87.28,8,2
100131,43808,1931-09-10,23,150,159.1,44.42,-87.28,13,2
100132,43809,1931-09-10,24,150,159.1,44.42,-87.28,13,2
100133,43810,1931-09-10,25,150,159.1,44.42,-87.28,13,2
100134,43811,1931-09-10,26,150,159.1,44.42,-87.28,13,2
100313,43863,1931-09-21,23,146.3,150,44.42,-87.28,11,2
100314,43864,1931-09-21,24,146.3,150,44.42,-87.28,11,2
100315,43865,1931-09-21,25,146.3,150,44.42,-87.28,11,2
100316,43866,1931-09-21,26,146.3,150,44.42,-87.28,11,2
100317,43867,1931-09-21,30,146.3,150,44.42,-87.28,11,2
100368,43913,1931-10-05,23,150,157.3,44.42,-87.28,14,2
100369,43914,1931-10-05,24,150,157.3,44.42,-87.28,14,2
100370,43915,1931-10-05,25,150,157.3,44.42,-87.28,14,2
100371,43916,1931-10-05,26,150,157.3,44.42,-87.28,14,2
100372,43917,1931-10-05,30,150,157.3,44.42,-87.28,14,2
100308,43858,1931-09-21,23,60.4,78.6,44.425,-87.2917,11,2
100309,43859,1931-09-21,24,60.4,78.6,44.425,-87.2917,11,2
100310,43860,1931-09-21,25,60.4,78.6,44.425,-87.2917,11,2
100311,43861,1931-09-21,26,60.4,78.6,44.425,-87.2917,11,2
100312,43862,1931-09-21,30,60.4,78.6,44.425,-87.2917,11,2
100233,43993,1931-11-05,23,129.8,137.2,44.43,-87.35,12,3
100234,43994,1931-11-05,24,129.8,137.2,44.43,-87.35,12,3
100235,43995,1931-11-05,25,129.8,137.2,44.43,-87.35,12,3
100236,43996,1931-11-05,26,129.8,137.2,44.43,-87.35,12,3
100237,43997,1931-11-05,30,129.8,137.2,44.43,-87.35,12,3
100276,44033,1931-11-19,23,91.4,104.2,44.4433,-87.3917,14,3
100277,44034,1931-11-19,24,91.4,104.2,44.4433,-87.3917,14,3
100278,44035,1931-11-19,25,91.4,104.2,44.4433,-87.3917,14,3
100279,44036,1931-11-19,26,91.4,104.2,44.4433,-87.3917,14,3
100280,44037,1931-11-19,30,91.4,104.2,44.4433,-87.3917,14,3
99927,43638,1931-08-12,23,60.4,78.6,44.445,-87.4133,12,2
99928,43639,1931-08-12,24,60.4,78.6,44.445,-87.4133,12,2
99929,43640,1931-08-12,25,60.4,78.6,44.445,-87.4133,12,2
99930,43641,1931-08-12,26,60.4,78.6,44.445,-87.4133,12,2
99931,43642,1931-08-12,30,60.4,78.6,44.445,-87.4133,12,2
99988,43688,1931-08-20,23,60.4,78.6,44.445,-87.4133,8,2
99989,43689,1931-08-20,24,60.4,78.6,44.445,-87.4133,8,2
99990,43690,1931-08-20,25,60.4,78.6,44.445,-87.4133,8,2
99991,43691,1931-08-20,26,60.4,78.6,44.445,-87.4133,8,2
99992,43692,1931-08-20,30,60.4,78.6,44.445,-87.4133,8,2
100055,43743,1931-08-28,23,60.4,78.6,44.445,-87.4133,8,2
100056,43744,1931-08-28,24,60.4,78.6,44.445,-87.4133,8,2
100057,43745,1931-08-28,25,60.4,78.6,44.445,-87.4133,8,2
100058,43746,1931-08-28,26,60.4,78.6,44.445,-87.4133,8,2
100059,43747,1931-08-28,30,60.4,78.6,44.445,-87.4133,8,2
100126,43803,1931-09-10,23,60.4,78.6,44.445,-87.4133,13,2
100127,43804,1931-09-10,24,60.4,78.6,44.445,-87.4133,13,2
100128,43805,1931-09-10,25,60.4,78.6,44.445,-87.4133,13,2
100129,43806,1931-09-10,26,60.4,78.6,44.445,-87.4133,13,2
100130,43807,1931-09-10,30,60.4,78.6,44.445,-87.4133,13,2
100363,43908,1931-10-03,23,60.4,78.6,44.445,-87.4133,12,2
100364,43909,1931-10-03,24,60.4,78.6,44.445,-87.4133,12,2
100365,43910,1931-10-03,25,60.4,78.6,44.445,-87.4133,12,2
100366,43911,1931-10-03,26,60.4,78.6,44.445,-87.4133,12,2
100367,43912,1931-10-03,30,60.4,78.6,44.445,-87.4133,12,2
99678,43426,1930-06-27,26,86,155.4,44.55,-86.3667,9,1
100482,42847,1930-07-08,23,86,155.4,44.55,-86.3667,11,1
100483,42848,1930-07-08,24,86,155.4,44.55,-86.3667,11,1
100484,42849,1930-07-08,25,86,155.4,44.55,-86.3667,11,1
100485,42850,1930-07-08,26,86,155.4,44.55,-86.3667,11,1
100486,42851,1930-07-08,30,86,155.4,44.55,-86.3667,11,1
100539,42892,1930-07-22,23,73.2,142.6,44.55,-86.3667,14,1
100540,42893,1930-07-22,24,73.2,142.6,44.55,-86.3667,14,1
100541,42894,1930-07-22,25,73.2,142.6,44.55,-86.3667,14,1
100542,42895,1930-07-22,26,73.2,142.6,44.55,-86.3667,14,1
100543,42896,1930-07-22,30,73.2,142.6,44.55,-86.3667,14,1
100611,42952,1930-08-01,23,80.5,142.6,44.55,-86.3667,10,1
100612,42953,1930-08-01,24,80.5,142.6,44.55,-86.3667,10,1
100613,42954,1930-08-01,25,80.5,142.6,44.55,-86.3667,10,1
100614,42955,1930-08-01,26,80.5,142.6,44.55,-86.3667,10,1
100615,42956,1930-08-01,30,80.5,142.6,44.55,-86.3667,10,1
99675,43423,1930-06-27,23,86,155.4,44.55,-86.3667,9,1
99676,43424,1930-06-27,24,86,155.4,44.55,-86.3667,9,1
99677,43425,1930-06-27,25,86,155.4,44.55,-86.3667,9,1
99679,43427,1930-06-27,30,86,155.4,44.55,-86.3667,9,1
100298,43850,1931-09-19,25,80.5,122.5,44.5617,-86.325,10,1
100179,43848,1931-09-19,23,80.5,122.5,44.5617,-86.325,10,1
100297,43849,1931-09-19,24,80.5,122.5,44.5617,-86.325,10,1
100299,43851,1931-09-19,26,80.5,122.5,44.5617,-86.325,10,1
100300,43852,1931-09-19,30,80.5,122.5,44.5617,-86.325,10,1
100301,43853,1931-09-19,23,122.5,164.6,44.5617,-86.325,10,1
100302,43854,1931-09-19,24,122.5,164.6,44.5617,-86.325,10,1
100303,43855,1931-09-19,25,122.5,164.6,44.5617,-86.325,10,1
100304,43856,1931-09-19,26,122.5,164.6,44.5617,-86.325,10,1
100305,43857,1931-09-19,30,122.5,164.6,44.5617,-86.325,10,1
100353,43898,1931-10-02,23,80.5,122.5,44.5617,-86.325,13,1
100354,43899,1931-10-02,24,80.5,122.5,44.5617,-86.325,13,1
100355,43900,1931-10-02,25,80.5,122.5,44.5617,-86.325,13,1
100356,43901,1931-10-02,26,80.5,122.5,44.5617,-86.325,13,1
100357,43902,1931-10-02,30,80.5,122.5,44.5617,-86.325,13,1
100358,43903,1931-10-02,23,122.5,164.6,44.5617,-86.325,13,1
100359,43904,1931-10-02,24,122.5,164.6,44.5617,-86.325,13,1
100360,43905,1931-10-02,25,122.5,164.6,44.5617,-86.325,13,1
100361,43906,1931-10-02,26,122.5,164.6,44.5617,-86.325,13,1
100362,43907,1931-10-02,30,122.5,164.6,44.5617,-86.325,13,1
100435,42807,1930-06-27,23,54.9,67.7,44.5639,-86.3361,9,1
100436,42808,1930-06-27,24,54.9,67.7,44.5639,-86.3361,9,1
100437,42809,1930-06-27,25,54.9,67.7,44.5639,-86.3361,9,1
100438,42810,1930-06-27,26,54.9,67.7,44.5639,-86.3361,9,1
100439,42811,1930-06-27,30,54.9,67.7,44.5639,-86.3361,9,1
100477,42842,1930-07-08,23,54.9,64,44.5639,-86.3361,11,1
100478,42843,1930-07-08,24,54.9,64,44.5639,-86.3361,11,1
100479,42844,1930-07-08,25,54.9,64,44.5639,-86.3361,11,1
100480,42845,1930-07-08,26,54.9,64,44.5639,-86.3361,11,1
100481,42846,1930-07-08,30,54.9,64,44.5639,-86.3361,11,1
100534,42887,1930-07-22,23,54.9,64,44.5639,-86.3361,14,1
100535,42888,1930-07-22,24,54.9,64,44.5639,-86.3361,14,1
100536,42889,1930-07-22,25,54.9,64,44.5639,-86.3361,14,1
100537,42890,1930-07-22,26,54.9,64,44.5639,-86.3361,14,1
100538,42891,1930-07-22,30,54.9,64,44.5639,-86.3361,14,1
100606,42947,1930-08-01,23,54.9,86,44.5639,-86.3361,10,1
100607,42948,1930-08-01,24,54.9,86,44.5639,-86.3361,10,1
100608,42949,1930-08-01,25,54.9,86,44.5639,-86.3361,10,1
100609,42950,1930-08-01,26,54.9,86,44.5639,-86.3361,10,1
100610,42951,1930-08-01,30,54.9,86,44.5639,-86.3361,10,1
100050,43740,1931-08-27,25,113.4,177.4,44.6,-86.33,8,1
100122,43801,1931-09-05,26,113.4,168.2,44.6,-86.33,9,1
99861,43583,1931-07-30,23,64,184.7,44.6,-86.33,8,3
99862,43584,1931-07-30,24,64,184.7,44.6,-86.33,8,3
99863,43585,1931-07-30,25,64,184.7,44.6,-86.33,8,3
99864,43586,1931-07-30,26,64,184.7,44.6,-86.33,8,3
99865,43587,1931-07-30,30,64,184.7,44.6,-86.33,8,3
99921,43633,1931-08-10,23,45.7,184.7,44.6,-86.33,11,3
99922,43634,1931-08-10,24,45.7,184.7,44.6,-86.33,11,3
99923,43635,1931-08-10,25,45.7,184.7,44.6,-86.33,11,3
99924,43636,1931-08-10,26,45.7,184.7,44.6,-86.33,11,3
99925,43637,1931-08-10,30,45.7,184.7,44.6,-86.33,11,3
99981,43683,1931-08-19,23,54.9,177.4,44.6,-86.33,9,2
99982,43684,1931-08-19,24,54.9,177.4,44.6,-86.33,9,2
99983,43685,1931-08-19,25,54.9,177.4,44.6,-86.33,9,2
99984,43686,1931-08-19,26,54.9,177.4,44.6,-86.33,9,2
99985,43687,1931-08-19,30,54.9,177.4,44.6,-86.33,9,2
100043,43733,1931-08-27,23,54.9,113.4,44.6,-86.33,8,1
100044,43734,1931-08-27,24,54.9,113.4,44.6,-86.33,8,1
100045,43735,1931-08-27,25,54.9,113.4,44.6,-86.33,8,1
100046,43736,1931-08-27,26,54.9,113.4,44.6,-86.33,8,1
100047,43737,1931-08-27,30,54.9,113.4,44.6,-86.33,8,1
100048,43738,1931-08-27,23,113.4,177.4,44.6,-86.33,8,1
100049,43739,1931-08-27,24,113.4,177.4,44.6,-86.33,8,1
100051,43741,1931-08-27,26,113.4,177.4,44.6,-86.33,8,1
100052,43742,1931-08-27,30,113.4,177.4,44.6,-86.33,8,1
100114,43793,1931-09-05,23,54.9,113.4,44.6,-86.33,9,1
100115,43794,1931-09-05,24,54.9,113.4,44.6,-86.33,9,1
100116,43795,1931-09-05,25,54.9,113.4,44.6,-86.33,9,1
100117,43796,1931-09-05,26,54.9,113.4,44.6,-86.33,9,1
100118,43797,1931-09-05,30,54.9,113.4,44.6,-86.33,9,1
100119,43798,1931-09-05,23,113.4,168.2,44.6,-86.33,9,1
100120,43799,1931-09-05,24,113.4,168.2,44.6,-86.33,9,1
100121,43800,1931-09-05,25,113.4,168.2,44.6,-86.33,9,1
100123,43802,1931-09-05,30,113.4,168.2,44.6,-86.33,9,1
101425,44048,1932-04-27,23,28.3,29.3,44.9317,-87.475,6,5
101426,44049,1932-04-27,24,28.3,29.3,44.9317,-87.475,6,5
101427,44050,1932-04-27,25,28.3,29.3,44.9317,-87.475,6,5
101428,44051,1932-04-27,26,28.3,29.3,44.9317,-87.475,6,5
101476,44193,1932-05-17,23,23.8,23.8,44.955,-87.5233,7,5
101477,44194,1932-05-17,24,23.8,23.8,44.955,-87.5233,7,5
101478,44195,1932-05-17,25,23.8,23.8,44.955,-87.5233,7,5
101479,44196,1932-05-17,26,23.8,23.8,44.955,-87.5233,7,5
100772,43090,1930-09-26,24,18.3,18.3,44.9667,-87.5333,2,3
100771,43089,1930-09-26,23,18.3,18.3,44.9667,-87.5333,2,3
100773,43091,1930-09-26,25,18.3,18.3,44.9667,-87.5333,2,3
100768,43086,1930-09-26,23,18.3,18.3,44.975,-87.5333,2,3
100769,43087,1930-09-26,24,18.3,18.3,44.975,-87.5333,2,3
100770,43088,1930-09-26,25,18.3,18.3,44.975,-87.5333,2,3
101233,44228,1932-07-20,24,89.6,100.6,45.0083,-86.0717,6,7
101234,44229,1932-07-20,25,89.6,100.6,45.0083,-86.0717,6,7
101235,44230,1932-07-20,26,89.6,100.6,45.0083,-86.0717,6,7
101301,44279,1932-08-06,24,58.5,89.6,45.01,-86.205,4,4
101302,44280,1932-08-06,25,58.5,89.6,45.01,-86.205,4,4
101303,44281,1932-08-06,26,58.5,89.6,45.01,-86.205,4,4
101304,44282,1932-08-06,24,89.6,99.7,45.01,-86.205,4,3
101305,44283,1932-08-06,25,89.6,99.7,45.01,-86.205,4,3
101306,44284,1932-08-06,26,89.6,99.7,45.01,-86.205,4,3
101442,44061,1932-05-03,23,27.4,29.3,45.0133,-87.495,6,5
101443,44062,1932-05-03,24,27.4,29.3,45.0133,-87.495,6,5
101444,44169,1932-05-03,25,27.4,29.3,45.0133,-87.495,6,5
101445,44170,1932-05-03,26,27.4,29.3,45.0133,-87.495,6,5
101459,44180,1932-05-10,23,25.6,26.5,45.0133,-87.5167,7,5
101460,44181,1932-05-10,24,25.6,26.5,45.0133,-87.5167,7,5
101461,44182,1932-05-10,25,25.6,26.5,45.0133,-87.5167,7,5
101462,44183,1932-05-10,26,25.6,26.5,45.0133,-87.5167,7,5
100284,44038,1932-04-21,23,29.3,29.3,45.0183,-87.475,2,4
100285,44039,1932-04-21,24,29.3,29.3,45.0183,-87.475,2,4
100286,44040,1932-04-21,25,29.3,29.3,45.0183,-87.475,2,4
100287,44041,1932-04-21,26,29.3,29.3,45.0183,-87.475,2,4
101493,44063,1932-05-23,23,31.1,32.9,45.0483,-87.5567,6,5
101494,44064,1932-05-23,24,31.1,32.9,45.0483,-87.5567,6,5
101495,44065,1932-05-23,25,31.1,32.9,45.0483,-87.5567,6,5
101496,44066,1932-05-23,26,31.1,32.9,45.0483,-87.5567,6,5
100774,43092,1930-09-29,23,29.3,29.3,45.0517,-87.4683,4,3
100775,43093,1930-09-29,24,29.3,29.3,45.0517,-87.4683,4,3
100776,43094,1930-09-29,25,29.3,29.3,45.0517,-87.4683,4,3
100777,43095,1930-09-29,23,29.3,29.3,45.0517,-87.4683,4,3
100778,43096,1930-09-29,24,29.3,29.3,45.0517,-87.4683,4,3
100779,43097,1930-09-29,25,29.3,29.3,45.0517,-87.4683,4,3
100786,43101,1930-10-01,23,29.3,29.3,45.0517,-87.4683,2,5
100787,43102,1930-10-01,24,29.3,29.3,45.0517,-87.4683,2,5
100788,43103,1930-10-01,25,29.3,29.3,45.0517,-87.4683,2,5
100797,43110,1930-10-04,23,29.3,29.3,45.0583,-87.3517,2,3
100790,43104,1930-10-02,23,29.3,29.3,45.0583,-87.3517,2,6
100791,43105,1930-10-02,24,29.3,29.3,45.0583,-87.3517,2,6
100792,43106,1930-10-02,25,29.3,29.3,45.0583,-87.3517,2,6
100798,43111,1930-10-04,24,29.3,29.3,45.0583,-87.3517,2,2
100799,43112,1930-10-04,25,29.3,29.3,45.0583,-87.3517,2,4
100761,43081,1930-09-25,24,29.3,29.3,45.0583,-87.485,2,3
100784,43100,1930-09-30,25,29.3,29.3,45.0583,-87.485,1,5
100760,43080,1930-09-25,23,29.3,29.3,45.0583,-87.485,2,3
100762,43082,1930-09-25,25,29.3,29.3,45.0583,-87.485,2,3
100763,43083,1930-09-25,23,29.3,29.3,45.0583,-87.485,2,3
100764,43084,1930-09-25,24,29.3,29.3,45.0583,-87.485,2,3
100765,43085,1930-09-25,25,29.3,29.3,45.0583,-87.485,2,3
100782,43098,1930-09-30,23,29.3,29.3,45.0583,-87.485,1,5
100783,43099,1930-09-30,24,29.3,29.3,45.0583,-87.485,1,5
100741,43068,1930-09-21,23,23.8,23.8,45.0583,-87.5033,1,2
100742,43069,1930-09-21,24,23.8,23.8,45.0583,-87.5033,1,2
100743,43070,1930-09-21,25,23.8,23.8,45.0583,-87.5033,1,2
100752,43074,1930-09-24,23,31.1,31.1,45.0583,-87.5033,3,3
100753,43075,1930-09-24,24,31.1,31.1,45.0583,-87.5033,3,3
100754,43076,1930-09-24,25,31.1,31.1,45.0583,-87.5033,3,3
100738,43065,1930-09-21,23,29.3,29.3,45.0617,-87.4967,1,2
100739,43066,1930-09-21,24,29.3,29.3,45.0617,-87.4967,1,2
100740,43067,1930-09-21,25,29.3,29.3,45.0617,-87.4967,1,2
100747,43071,1930-09-23,23,29.3,29.3,45.0617,-87.4967,2,6
100748,43072,1930-09-23,24,29.3,29.3,45.0617,-87.4967,2,6
100749,43073,1930-09-23,25,29.3,29.3,45.0617,-87.4967,2,6
100735,43062,1930-09-21,23,29.3,29.3,45.0667,-87.505,1,2
100736,43063,1930-09-21,24,29.3,29.3,45.0667,-87.505,1,2
100737,43064,1930-09-21,25,29.3,29.3,45.0667,-87.505,1,2
100755,43077,1930-09-24,23,31.1,31.1,45.0667,-87.505,3,3
100756,43078,1930-09-24,24,31.1,31.1,45.0667,-87.505,3,3
100757,43079,1930-09-24,25,31.1,31.1,45.0667,-87.505,3,3
101509,44076,1932-05-28,23,29.3,31.1,45.0717,-87.4583,5,5
101510,44077,1932-05-28,24,29.3,31.1,45.0717,-87.4583,5,5
101511,44078,1932-05-28,25,29.3,31.1,45.0717,-87.4583,5,5
101512,44079,1932-05-28,26,29.3,31.1,45.0717,-87.4583,5,5
101324,44297,1932-08-11,24,80.5,107.9,45.0767,-86.19,5,7
101325,44298,1932-08-11,25,80.5,107.9,45.0767,-86.19,5,7
101326,44299,1932-08-11,26,80.5,107.9,45.0767,-86.19,5,7
101341,44309,1932-08-16,24,56.7,91.4,45.0883,-85.9767,6,3
101342,44310,1932-08-16,25,56.7,91.4,45.0883,-85.9767,6,3
101343,44311,1932-08-16,26,56.7,91.4,45.0883,-85.9767,6,3
101344,44312,1932-08-16,24,91.4,117,45.0883,-85.9767,6,4
101345,44313,1932-08-16,25,91.4,117,45.0883,-85.9767,6,4
101346,44314,1932-08-16,26,91.4,117,45.0883,-85.9767,6,4
101498,44067,1932-05-24,24,27.4,27.4,45.0983,-87.435,6,7
101499,44068,1932-05-24,25,27.4,27.4,45.0983,-87.435,6,7
101500,44069,1932-05-24,26,27.4,27.4,45.0983,-87.435,6,7
101464,44184,1932-05-11,24,27.4,28.3,45.115,-87.4417,6,6
101465,44185,1932-05-11,25,27.4,28.3,45.115,-87.4417,6,6
101466,44186,1932-05-11,26,27.4,28.3,45.115,-87.4417,6,6
101481,44197,1932-05-18,24,21.9,28.3,45.1183,-87.395,7,7
101483,44199,1932-05-18,26,21.9,28.3,45.1183,-87.395,7,7
101482,44198,1932-05-18,25,21.9,28.3,45.1183,-87.395,7,7
101317,44292,1932-08-10,25,62.2,91.4,45.115,-85.9583,5,4
101318,44293,1932-08-10,26,62.2,91.4,45.115,-85.9583,5,4
101319,44294,1932-08-10,24,91.4,107.9,45.115,-85.9583,5,3
101320,44295,1932-08-10,25,91.4,107.9,45.115,-85.9583,5,3
101321,44296,1932-08-10,26,91.4,107.9,45.115,-85.9583,5,3
101293,44273,1932-08-05,24,62.2,91.4,45.115,-85.9583,4,4
101294,44274,1932-08-05,25,62.2,91.4,45.115,-85.9583,4,4
101295,44275,1932-08-05,26,62.2,91.4,45.115,-85.9583,4,4
101296,44276,1932-08-05,24,91.4,111.6,45.115,-85.9583,4,3
101297,44277,1932-08-05,25,91.4,111.6,45.115,-85.9583,4,3
101298,44278,1932-08-05,26,91.4,111.6,45.115,-85.9583,4,3
101316,44291,1932-08-10,24,62.2,91.4,45.115,-85.9583,5,4
101434,44055,1932-04-29,24,24.7,25.6,45.13,-87.445,7,5
101435,44056,1932-04-29,25,24.7,25.6,45.13,-87.445,7,5
101436,44057,1932-04-29,26,24.7,25.6,45.13,-87.445,7,5
101451,44174,1932-05-05,24,25.6,34.7,45.14,-87.41,6,6
101452,44175,1932-05-05,25,25.6,34.7,45.14,-87.41,6,6
101453,44176,1932-05-05,26,25.6,34.7,45.14,-87.41,6,6
100794,43107,1930-10-03,23,32.9,40.2,45.185,-87.425,2,6
100795,43108,1930-10-03,24,32.9,40.2,45.185,-87.425,2,6
100796,43109,1930-10-03,25,32.9,40.2,45.185,-87.425,2,6
100289,44042,1932-04-22,24,31.1,32.9,45.2117,-87.44,2,5
100290,44043,1932-04-22,25,31.1,32.9,45.2117,-87.44,2,5
100291,44044,1932-04-22,26,31.1,32.9,45.2117,-87.44,2,5
101430,44052,1932-04-28,24,31.1,31.1,45.2333,-87.3883,6,5
101431,44053,1932-04-28,25,31.1,31.1,45.2333,-87.3883,6,5
101432,44054,1932-04-28,26,31.1,31.1,45.2333,-87.3883,6,5
101447,44171,1932-05-04,24,29.3,31.1,45.2333,-87.3883,6,6
101448,44172,1932-05-04,25,29.3,31.1,45.2333,-87.3883,6,6
101449,44173,1932-05-04,26,29.3,31.1,45.2333,-87.3883,6,6
101468,44187,1932-05-12,24,29.3,31.1,45.2333,-87.3883,8,7
101469,44188,1932-05-12,25,29.3,31.1,45.2333,-87.3883,8,7
101470,44189,1932-05-12,26,29.3,31.1,45.2333,-87.3883,8,7
101347,44315,1932-08-17,24,54.9,98.8,45.2417,-85.83,6,2
101348,44316,1932-08-17,25,54.9,98.8,45.2417,-85.83,6,2
101349,44317,1932-08-17,26,54.9,98.8,45.2417,-85.83,6,2
101350,44318,1932-08-17,24,98.8,133.5,45.2417,-85.83,6,5
101351,44319,1932-08-17,25,98.8,133.5,45.2417,-85.83,6,5
101352,44320,1932-08-17,26,98.8,133.5,45.2417,-85.83,6,5
101485,44200,1932-05-19,24,31.1,33.8,45.2567,-87.3483,7,7
101486,44201,1932-05-19,25,31.1,33.8,45.2567,-87.3483,7,7
101487,44202,1932-05-19,26,31.1,33.8,45.2567,-87.3483,7,7
101501,44070,1932-05-25,24,31.1,33.8,45.2633,-87.3117,6,7
101502,44071,1932-05-25,25,31.1,33.8,45.2633,-87.3117,6,7
101503,44072,1932-05-25,26,31.1,33.8,45.2633,-87.3117,6,7
101312,44288,1932-08-09,24,45.7,100.6,45.285,-85.98,5,7
101313,44289,1932-08-09,25,45.7,100.6,45.285,-85.98,5,7
101314,44290,1932-08-09,26,45.7,100.6,45.285,-85.98,5,7
101333,44303,1932-08-13,24,62.2,100.6,45.305,-85.9867,4,4
101334,44304,1932-08-13,25,62.2,100.6,45.305,-85.9867,4,4
101335,44305,1932-08-13,26,62.2,100.6,45.305,-85.9867,4,4
101438,44058,1932-05-02,24,28.3,30.2,45.3117,-87.3533,7,7
101439,44059,1932-05-02,25,28.3,30.2,45.3117,-87.3533,7,7
101440,44060,1932-05-02,26,28.3,30.2,45.3117,-87.3533,7,7
101149,44128,1932-06-29,24,73.2,93.3,45.305,-85.4217,12,7
101150,44129,1932-06-29,25,73.2,93.3,45.305,-85.4217,12,7
101151,44130,1932-06-29,26,73.2,93.3,45.305,-85.4217,12,7
100294,44045,1932-04-25,24,29.3,30.2,45.3283,-87.3167,5,5
100295,44046,1932-04-25,25,29.3,30.2,45.3283,-87.3167,5,5
100296,44047,1932-04-25,26,29.3,30.2,45.3283,-87.3167,5,5
101455,44177,1932-05-06,24,30.2,32.9,45.33,-87.32,4,6
101456,44178,1932-05-06,25,30.2,32.9,45.33,-87.32,4,6
101457,44179,1932-05-06,26,30.2,32.9,45.33,-87.32,4,6
101173,44146,1932-07-07,24,93.3,96.9,45.32,-85.4417,8,7
101174,44147,1932-07-07,25,93.3,96.9,45.32,-85.4417,8,7
101175,44148,1932-07-07,26,93.3,96.9,45.32,-85.4417,8,7
101197,44164,1932-07-12,24,94.2,96.9,45.32,-85.4417,5,6
101198,44165,1932-07-12,25,94.2,96.9,45.32,-85.4417,5,6
101199,44166,1932-07-12,26,94.2,96.9,45.32,-85.4417,5,6
101409,44363,1932-09-12,24,93.3,98.8,45.3217,-85.4383,3,7
101410,44364,1932-09-12,25,93.3,98.8,45.3217,-85.4383,3,7
101411,44365,1932-09-12,26,93.3,98.8,45.3217,-85.4383,3,7
101221,44219,1932-07-18,24,54.9,55.8,45.3533,-85.86,6,6
101222,44220,1932-07-18,25,54.9,55.8,45.3533,-85.86,6,6
101223,44221,1932-07-18,26,54.9,55.8,45.3533,-85.86,6,6
101245,44237,1932-07-25,24,56.7,89.6,45.3617,-85.8967,7,3
101246,44238,1932-07-25,25,56.7,89.6,45.3617,-85.8967,7,3
101247,44239,1932-07-25,26,56.7,89.6,45.3617,-85.8967,7,3
101248,44240,1932-07-25,24,89.6,118.9,45.3617,-85.8967,7,4
101249,44241,1932-07-25,25,89.6,118.9,45.3617,-85.8967,7,4
101250,44242,1932-07-25,26,89.6,118.9,45.3617,-85.8967,7,4
101267,44255,1932-07-30,24,56.7,76.8,45.3617,-85.8967,5,3
101268,44256,1932-07-30,25,56.7,76.8,45.3617,-85.8967,5,3
101269,44257,1932-07-30,26,56.7,76.8,45.3617,-85.8967,5,3
101270,44258,1932-07-30,24,76.8,118.9,45.3617,-85.8967,5,4
101271,44259,1932-07-30,25,76.8,118.9,45.3617,-85.8967,5,4
101272,44260,1932-07-30,26,76.8,118.9,45.3617,-85.8967,5,4
101286,44267,1932-08-04,24,54.9,82.3,45.3617,-85.8967,5,4
101287,44268,1932-08-04,25,54.9,82.3,45.3617,-85.8967,5,4
101288,44269,1932-08-04,26,54.9,82.3,45.3617,-85.8967,5,4
101289,44270,1932-08-04,24,82.3,118.9,45.3617,-85.8967,5,3
101290,44271,1932-08-04,25,82.3,118.9,45.3617,-85.8967,5,3
101291,44272,1932-08-04,26,82.3,118.9,45.3617,-85.8967,5,3
101368,44330,1932-08-26,24,54.9,87.8,45.38,-85.9,6,7
101369,44331,1932-08-26,25,54.9,87.8,45.38,-85.9,6,7
101370,44332,1932-08-26,26,54.9,87.8,45.38,-85.9,6,7
101521,44083,1932-06-09,24,38.4,43.9,45.3883,-87.03,15,7
101522,44084,1932-06-09,25,38.4,43.9,45.3883,-87.03,15,7
101523,44085,1932-06-09,26,38.4,43.9,45.3883,-87.03,15,7
101517,44080,1932-06-08,24,29.3,32.9,45.3883,-87.1,14,7
101518,44081,1932-06-08,25,29.3,32.9,45.3883,-87.1,14,7
101519,44082,1932-06-08,26,29.3,32.9,45.3883,-87.1,14,7
100428,42802,1930-06-26,23,102.4,118.9,45.3833,-85.7611,9,1
100429,42803,1930-06-26,24,102.4,118.9,45.3833,-85.7611,9,1
100430,42804,1930-06-26,25,102.4,118.9,45.3833,-85.7611,9,1
100431,42805,1930-06-26,26,102.4,118.9,45.3833,-85.7611,9,1
100432,42806,1930-06-26,30,102.4,118.9,45.3833,-85.7611,9,1
100472,42837,1930-07-07,23,102.4,118.9,45.3833,-85.7611,11,1
100473,42838,1930-07-07,24,102.4,118.9,45.3833,-85.7611,11,1
100474,42839,1930-07-07,25,102.4,118.9,45.3833,-85.7611,11,1
100475,42840,1930-07-07,26,102.4,118.9,45.3833,-85.7611,11,1
100476,42841,1930-07-07,30,102.4,118.9,45.3833,-85.7611,11,1
100423,42797,1930-06-26,23,45.7,64,45.3917,-85.7403,9,1
100424,42798,1930-06-26,24,45.7,64,45.3917,-85.7403,9,1
100425,42799,1930-06-26,25,45.7,64,45.3917,-85.7403,9,1
100426,42800,1930-06-26,26,45.7,64,45.3917,-85.7403,9,1
100427,42801,1930-06-26,30,45.7,64,45.3917,-85.7403,9,1
100467,42832,1930-07-07,23,45.7,64,45.3917,-85.7403,11,1
100468,42833,1930-07-07,24,45.7,64,45.3917,-85.7403,11,1
100469,42834,1930-07-07,25,45.7,64,45.3917,-85.7403,11,1
100470,42835,1930-07-07,26,45.7,64,45.3917,-85.7403,11,1
100471,42836,1930-07-07,30,45.7,64,45.3917,-85.7403,11,1
101412,44366,1932-09-13,24,61.3,67.7,45.3933,-85.2933,3,6
101413,44367,1932-09-13,25,61.3,67.7,45.3933,-85.2933,3,6
101414,44368,1932-09-13,26,61.3,67.7,45.3933,-85.2933,3,6
101353,44321,1932-08-19,24,106.1,106.1,45.4083,-85.4633,4,7
101354,44322,1932-08-19,25,106.1,106.1,45.4083,-85.4633,4,7
101355,44323,1932-08-19,26,106.1,106.1,45.4083,-85.4633,4,7
101362,44327,1932-08-25,24,106.1,109.7,45.4433,-85.4533,6,7
101363,44328,1932-08-25,25,106.1,109.7,45.4433,-85.4533,6,7
101364,44329,1932-08-25,26,106.1,109.7,45.4433,-85.4533,6,7
101391,44348,1932-09-03,24,106.1,109.7,45.4433,-85.4533,9,7
101392,44349,1932-09-03,25,106.1,109.7,45.4433,-85.4533,9,7
101393,44350,1932-09-03,26,106.1,109.7,45.4433,-85.4533,9,7
101541,44098,1932-06-13,24,43.9,43.9,45.4583,-87.0433,5,7
101110,44099,1932-06-13,25,43.9,43.9,45.4583,-87.0433,5,7
101111,44100,1932-06-13,26,43.9,43.9,45.4583,-87.0433,5,7
101226,44222,1932-07-19,24,60.4,93.3,45.4533,-85.545,6,3
101227,44223,1932-07-19,25,60.4,93.3,45.4533,-85.545,6,3
101228,44224,1932-07-19,26,60.4,93.3,45.4533,-85.545,6,3
101229,44225,1932-07-19,24,93.3,122.5,45.4533,-85.545,6,4
101230,44226,1932-07-19,25,93.3,122.5,45.4533,-85.545,6,4
101231,44227,1932-07-19,26,93.3,122.5,45.4533,-85.545,6,4
101253,44243,1932-07-26,24,75,122.5,45.4533,-85.545,7,7
101254,44244,1932-07-26,25,75,122.5,45.4533,-85.545,7,7
101255,44245,1932-07-26,26,75,122.5,45.4533,-85.545,7,7
101384,44342,1932-09-02,24,71.3,98.8,45.46,-85.7267,8,2
101385,44343,1932-09-02,25,71.3,98.8,45.46,-85.7267,8,2
101386,44344,1932-09-02,26,71.3,98.8,45.46,-85.7267,8,2
101387,44345,1932-09-02,24,98.8,118.9,45.46,-85.7267,8,5
101388,44346,1932-09-02,25,98.8,118.9,45.46,-85.7267,8,5
101389,44347,1932-09-02,26,98.8,118.9,45.46,-85.7267,8,5
101401,44357,1932-09-09,24,98.8,111.6,45.4683,-85.7267,7,7
101402,44358,1932-09-09,25,98.8,111.6,45.4683,-85.7267,7,7
101403,44359,1932-09-09,26,98.8,111.6,45.4683,-85.7267,7,7
101405,44360,1932-09-10,24,87.8,111.6,45.4967,-85.495,7,7
101406,44361,1932-09-10,25,87.8,111.6,45.4967,-85.495,7,7
101407,44362,1932-09-10,26,87.8,111.6,45.4967,-85.495,7,7
101112,44101,1932-06-14,24,113.4,118.9,45.505,-86.38,5,7
101113,44102,1932-06-14,25,113.4,118.9,45.505,-86.38,5,7
101114,44103,1932-06-14,26,113.4,118.9,45.505,-86.38,5,7
101506,44073,1932-05-26,24,29.3,34.7,45.5417,-87.0467,5,6
101507,44074,1932-05-26,25,29.3,34.7,45.5417,-87.0467,5,6
101508,44075,1932-05-26,26,29.3,34.7,45.5417,-87.0467,5,6
101308,44285,1932-08-08,24,56.7,78.6,45.5467,-85.5783,5,7
101309,44286,1932-08-08,25,56.7,78.6,45.5467,-85.5783,5,7
101310,44287,1932-08-08,26,56.7,78.6,45.5467,-85.5783,5,7
101279,44261,1932-08-03,24,44.8,82.3,45.56,-85.525,6,3
101280,44262,1932-08-03,25,44.8,82.3,45.56,-85.525,6,3
101281,44263,1932-08-03,26,44.8,82.3,45.56,-85.525,6,3
101282,44264,1932-08-03,24,82.3,109.7,45.56,-85.525,6,4
101283,44265,1932-08-03,25,82.3,109.7,45.56,-85.525,6,4
101284,44266,1932-08-03,26,82.3,109.7,45.56,-85.525,6,4
101489,44203,1932-05-21,24,32.9,34.7,45.57,-87.0467,8,6
101490,44204,1932-05-21,25,32.9,34.7,45.57,-87.0467,8,6
101491,44205,1932-05-21,26,32.9,34.7,45.57,-87.0467,8,6
101259,44249,1932-07-28,24,58.5,75,45.5617,-85.505,6,3
101260,44250,1932-07-28,25,58.5,75,45.5617,-85.505,6,3
101261,44251,1932-07-28,26,58.5,75,45.5617,-85.505,6,3
101262,44252,1932-07-28,24,75,107.9,45.5617,-85.505,6,4
101263,44253,1932-07-28,25,75,107.9,45.5617,-85.505,6,4
101264,44254,1932-07-28,26,75,107.9,45.5617,-85.505,6,4
101472,44190,1932-05-13,24,28.3,32.9,45.5767,-87.0317,4,6
101473,44191,1932-05-13,25,28.3,32.9,45.5767,-87.0317,4,6
101474,44192,1932-05-13,26,28.3,32.9,45.5767,-87.0317,4,6
101153,44131,1932-06-30,24,64,78.6,45.57,-85.7583,14,4
101154,44132,1932-06-30,25,64,78.6,45.57,-85.7583,14,4
101155,44133,1932-06-30,26,64,78.6,45.57,-85.7583,14,4
101156,44134,1932-06-30,24,78.6,126.2,45.57,-85.7583,14,3
101157,44135,1932-06-30,25,78.6,126.2,45.57,-85.7583,14,3
101158,44136,1932-06-30,26,78.6,126.2,45.57,-85.7583,14,3
101177,44149,1932-07-08,24,56.7,75,45.57,-85.7583,8,3
101178,44150,1932-07-08,25,56.7,75,45.57,-85.7583,8,3
101179,44151,1932-07-08,26,56.7,75,45.57,-85.7583,8,3
101180,44152,1932-07-08,24,75,126.2,45.57,-85.7583,8,4
101181,44153,1932-07-08,25,75,126.2,45.57,-85.7583,8,4
101182,44154,1932-07-08,26,75,126.2,45.57,-85.7583,8,4
101201,44167,1932-07-13,24,56.7,75,45.57,-85.7583,5,3
101202,44168,1932-07-13,25,56.7,75,45.57,-85.7583,5,3
101203,44206,1932-07-13,26,56.7,75,45.57,-85.7583,5,3
101204,44207,1932-07-13,24,75,126.2,45.57,-85.7583,5,4
101205,44208,1932-07-13,25,75,126.2,45.57,-85.7583,5,4
101206,44209,1932-07-13,26,75,126.2,45.57,-85.7583,5,4
101533,44092,1932-06-11,24,42.1,78.6,45.575,-85.9633,5,3
101534,44093,1932-06-11,25,42.1,78.6,45.575,-85.9633,5,3
101535,44094,1932-06-11,26,42.1,78.6,45.575,-85.9633,5,3
101536,44095,1932-06-11,24,78.6,102.4,45.575,-85.9633,5,4
101537,44096,1932-06-11,25,78.6,102.4,45.575,-85.9633,5,4
101538,44097,1932-06-11,26,78.6,102.4,45.575,-85.9633,5,4
101125,44110,1932-06-16,24,42.1,78.6,45.575,-85.9633,5,3
101126,44111,1932-06-16,25,42.1,78.6,45.575,-85.9633,5,3
101127,44112,1932-06-16,26,42.1,78.6,45.575,-85.9633,5,3
101128,44113,1932-06-16,24,78.6,102.4,45.575,-85.9633,5,4
101129,44114,1932-06-16,25,78.6,102.4,45.575,-85.9633,5,4
101130,44115,1932-06-16,26,78.6,102.4,45.575,-85.9633,5,4
101165,44140,1932-07-06,24,66.8,82.3,45.575,-85.9633,8,3
101166,44141,1932-07-06,25,66.8,82.3,45.575,-85.9633,8,3
101167,44142,1932-07-06,26,66.8,82.3,45.575,-85.9633,8,3
101168,44143,1932-07-06,24,82.3,100.6,45.575,-85.9633,8,4
101169,44144,1932-07-06,25,82.3,100.6,45.575,-85.9633,8,4
101170,44145,1932-07-06,26,82.3,100.6,45.575,-85.9633,8,4
101189,44158,1932-07-11,24,66.8,82.3,45.575,-85.9633,5,3
101190,44159,1932-07-11,25,66.8,82.3,45.575,-85.9633,5,3
101191,44160,1932-07-11,26,66.8,82.3,45.575,-85.9633,5,3
101192,44161,1932-07-11,24,82.3,100.6,45.575,-85.9633,5,4
101193,44162,1932-07-11,25,82.3,100.6,45.575,-85.9633,5,4
101194,44163,1932-07-11,26,82.3,100.6,45.575,-85.9633,5,4
101213,44213,1932-07-16,24,66.8,82.3,45.575,-85.9633,5,3
101214,44214,1932-07-16,25,66.8,82.3,45.575,-85.9633,5,3
101215,44215,1932-07-16,26,66.8,82.3,45.575,-85.9633,5,3
101216,44216,1932-07-16,24,82.3,102.4,45.575,-85.9633,5,4
101217,44217,1932-07-16,25,82.3,102.4,45.575,-85.9633,5,4
101218,44218,1932-07-16,26,82.3,102.4,45.575,-85.9633,5,4
101237,44231,1932-07-22,24,67.7,82.3,45.575,-85.9633,6,3
101238,44232,1932-07-22,25,67.7,82.3,45.575,-85.9633,6,3
101239,44233,1932-07-22,26,67.7,82.3,45.575,-85.9633,6,3
101240,44234,1932-07-22,24,82.3,102.4,45.575,-85.9633,6,4
101241,44235,1932-07-22,25,82.3,102.4,45.575,-85.9633,6,4
101242,44236,1932-07-22,26,82.3,102.4,45.575,-85.9633,6,4
101141,44122,1932-06-28,24,36.6,56.7,45.5867,-86.015,13,3
101142,44123,1932-06-28,25,36.6,56.7,45.5867,-86.015,13,3
101143,44124,1932-06-28,26,36.6,56.7,45.5867,-86.015,13,3
101525,44086,1932-06-10,24,67.7,84.1,45.59,-86.0367,4,3
101526,44087,1932-06-10,25,67.7,84.1,45.59,-86.0367,4,3
101527,44088,1932-06-10,26,67.7,84.1,45.59,-86.0367,4,3
101528,44089,1932-06-10,24,84.1,91.4,45.59,-86.0367,4,4
101529,44090,1932-06-10,25,84.1,91.4,45.59,-86.0367,4,4
101530,44091,1932-06-10,26,84.1,91.4,45.59,-86.0367,4,4
101117,44104,1932-06-15,24,67.7,84.1,45.59,-86.0367,5,3
101118,44105,1932-06-15,25,67.7,84.1,45.59,-86.0367,5,3
101119,44106,1932-06-15,26,67.7,84.1,45.59,-86.0367,5,3
101120,44107,1932-06-15,24,84.1,91.4,45.59,-86.0367,5,4
101121,44108,1932-06-15,25,84.1,91.4,45.59,-86.0367,5,4
101122,44109,1932-06-15,26,84.1,91.4,45.59,-86.0367,5,4
101144,44125,1932-06-28,24,91.4,96.9,45.595,-86.0767,13,4
101145,44126,1932-06-28,25,91.4,96.9,45.595,-86.0767,13,4
101146,44127,1932-06-28,26,91.4,96.9,45.595,-86.0767,13,4
101359,44324,1932-08-23,24,51.2,73.2,45.5883,-85.145,8,7
101360,44325,1932-08-23,25,51.2,73.2,45.5883,-85.145,8,7
101361,44326,1932-08-23,26,51.2,73.2,45.5883,-85.145,8,7
101137,44119,1932-06-27,24,82.3,89.6,45.6233,-86.315,13,4
101138,44120,1932-06-27,25,82.3,89.6,45.6233,-86.315,13,4
101139,44121,1932-06-27,26,82.3,89.6,45.6233,-86.315,13,4
101329,44300,1932-08-12,24,45.7,75,45.6117,-85.1167,4,7
101330,44301,1932-08-12,25,45.7,75,45.6117,-85.1167,4,7
101331,44302,1932-08-12,26,45.7,75,45.6117,-85.1167,4,7
101336,44306,1932-08-15,24,31.1,75,45.6117,-85.1167,3,7
101337,44307,1932-08-15,25,31.1,75,45.6117,-85.1167,3,7
101338,44308,1932-08-15,26,31.1,75,45.6117,-85.1167,3,7
101161,44137,1932-07-05,24,117,125.3,45.65,-86.14,8,6
101162,44138,1932-07-05,25,117,125.3,45.65,-86.14,8,6
101163,44139,1932-07-05,26,117,125.3,45.65,-86.14,8,6
101185,44155,1932-07-09,24,117,125.3,45.65,-86.14,4,7
101186,44156,1932-07-09,25,117,125.3,45.65,-86.14,4,7
101187,44157,1932-07-09,26,117,125.3,45.65,-86.14,4,7
101209,44210,1932-07-14,24,96.9,100.6,45.69,-86.0833,5,7
101210,44211,1932-07-14,25,96.9,100.6,45.69,-86.0833,5,7
101211,44212,1932-07-14,26,96.9,100.6,45.69,-86.0833,5,7
101134,44116,1932-06-27,24,56.7,60.4,45.7033,-86.3067,13,3
101135,44117,1932-06-27,25,56.7,60.4,45.7033,-86.3067,13,3
101136,44118,1932-06-27,26,56.7,60.4,45.7033,-86.3067,13,3
101395,44351,1932-09-06,24,78.6,84.1,45.7117,-85.9217,6,6
101396,44352,1932-09-06,25,78.6,84.1,45.7117,-85.9217,6,6
101397,44353,1932-09-06,26,78.6,84.1,45.7117,-85.9217,6,6
101376,44336,1932-08-31,24,38.4,87.8,45.7117,-85.8833,5,7
101377,44337,1932-08-31,25,38.4,87.8,45.7117,-85.8833,5,7
101378,44338,1932-08-31,26,38.4,87.8,45.7117,-85.8833,5,7
101372,44333,1932-08-27,24,82.3,96.9,45.7383,-86.105,5,7
101373,44334,1932-08-27,25,82.3,96.9,45.7383,-86.105,5,7
101374,44335,1932-08-27,26,82.3,96.9,45.7383,-86.105,5,7
101380,44339,1932-09-01,24,82.3,96.9,45.7383,-86.105,5,7
101381,44340,1932-09-01,25,82.3,96.9,45.7383,-86.105,5,7
101382,44341,1932-09-01,26,82.3,96.9,45.7383,-86.105,5,7
101398,44354,1932-09-07,24,82.3,96.9,45.7383,-86.105,6,7
101399,44355,1932-09-07,25,82.3,96.9,45.7383,-86.105,6,7
101400,44356,1932-09-07,26,82.3,96.9,45.7383,-86.105,6,7
101256,44246,1932-07-27,24,93.3,96.9,45.74,-86.045,7,7
101257,44247,1932-07-27,25,93.3,96.9,45.74,-86.045,7,7
101258,44248,1932-07-27,26,93.3,96.9,45.74,-86.045,7,7
